mapping_index	namespace_sha256	membership_sha256	ordered_library_sha256	source_model	selector_bits	library_sequences	eligible_sequences	fibers	fullcontext_gain	assaycontext_gain	released_cnn_gain	fullcontext_minus_assaycontext	fullcontext_minus_released_cnn	fullcontext_negative_gain_fraction	fullcontext_zero_gain_fraction	fullcontext_positive_gain_fraction	fullcontext_fiber_score_variance_mean	fullcontext_fiber_outcome_variance_mean	fullcontext_choices_changed_by_quantization	fullcontext_quantized_extremum_tie_fibers	fullcontext_minimum_raw_top_gap	mapping_role
0	8cfacf4e20d93aaf9c34557756d81106a103b9a878956a0041626b522c276e04	7ed267ecf1c8ae89faa35ea1b51f6665b351baa169d5ff2d188fb4a8ad763a58	165a157b5b7ca7dc409a358a66f583ba9488ec81e12fd8dd087d833eafc1c17c	GCall	2	2048	2053	512	0.0025097272533765834	0.0018672391295049956	0.0017486694294363881	0.0006424881238715878	0.0007610578239401952	0.31640625	0.0	0.68359375	4.683139906686014e-06	8.447541325695183e-05	0	0	2.2540611199772798e-06	post_hoc_exploratory_algorithmic_sensitivity_not_replicates
0	8cfacf4e20d93aaf9c34557756d81106a103b9a878956a0041626b522c276e04	7ed267ecf1c8ae89faa35ea1b51f6665b351baa169d5ff2d188fb4a8ad763a58	165a157b5b7ca7dc409a358a66f583ba9488ec81e12fd8dd087d833eafc1c17c	GCall	4	2048	2053	128	0.003502529240698044	0.00283297201169612	0.0015972677317542521	0.0006695572290019236	0.0019052615089437917	0.25	0.0	0.75	5.910710125670636e-06	0.00010343431325991197	0	0	2.6208422099216477e-06	post_hoc_exploratory_algorithmic_sensitivity_not_replicates
0	8cfacf4e20d93aaf9c34557756d81106a103b9a878956a0041626b522c276e04	7ed267ecf1c8ae89faa35ea1b51f6665b351baa169d5ff2d188fb4a8ad763a58	165a157b5b7ca7dc409a358a66f583ba9488ec81e12fd8dd087d833eafc1c17c	GCfix	2	2048	2053	512	0.002409257038858514	0.0017767628074099693	0.0015780535923686204	0.0006324942314485452	0.0008312034464898941	0.330078125	0.0	0.669921875	5.211354562537531e-06	8.447541325695183e-05	0	0	2.0810180100250264e-06	post_hoc_exploratory_algorithmic_sensitivity_not_replicates
0	8cfacf4e20d93aaf9c34557756d81106a103b9a878956a0041626b522c276e04	7ed267ecf1c8ae89faa35ea1b51f6665b351baa169d5ff2d188fb4a8ad763a58	165a157b5b7ca7dc409a358a66f583ba9488ec81e12fd8dd087d833eafc1c17c	GCfix	4	2048	2053	128	0.003205633150112198	0.0015363004603130151	0.002235485189399017	0.001669332689799183	0.0009701479607131811	0.2890625	0.0	0.7109375	6.5690376083246315e-06	0.00010343431325991197	0	0	6.65621030071506e-07	post_hoc_exploratory_algorithmic_sensitivity_not_replicates
1	3f7a2d1965f5a22e0ee7498a82f5a854542bd685352db4cbbb681c1b3ffb06c6	2313cf8d953afadf400e06c71c12e8437f953a3373cb4f84654365096adaaef0	ec1dd65d9e19be9080544ef3e7154020def38f54f0297db8b2ffc2b59ef4fae2	GCall	2	2048	2053	512	0.002541285633088163	0.001742117950902121	0.0016925454805940354	0.000799167682186042	0.0008487401524941275	0.2890625	0.0	0.7109375	4.845522160844768e-06	8.202977182631527e-05	0	0	4.036435234056057e-06	post_hoc_exploratory_algorithmic_sensitivity_not_replicates
1	3f7a2d1965f5a22e0ee7498a82f5a854542bd685352db4cbbb681c1b3ffb06c6	2313cf8d953afadf400e06c71c12e8437f953a3373cb4f84654365096adaaef0	ec1dd65d9e19be9080544ef3e7154020def38f54f0297db8b2ffc2b59ef4fae2	GCall	4	2048	2053	128	0.0035613349937270193	0.0023178955997431245	0.0015860490406483276	0.0012434393939838948	0.0019752859530786917	0.1796875	0.0	0.8203125	6.066923754458086e-06	0.00010415382981057806	0	0	1.2001028139918546e-05	post_hoc_exploratory_algorithmic_sensitivity_not_replicates
1	3f7a2d1965f5a22e0ee7498a82f5a854542bd685352db4cbbb681c1b3ffb06c6	2313cf8d953afadf400e06c71c12e8437f953a3373cb4f84654365096adaaef0	ec1dd65d9e19be9080544ef3e7154020def38f54f0297db8b2ffc2b59ef4fae2	GCfix	2	2048	2053	512	0.002502713208826957	0.0016346811974888502	0.0015581949838724548	0.000868032011338107	0.0009445182249545024	0.302734375	0.0	0.697265625	5.388779441275449e-06	8.202977182631527e-05	0	0	1.4153799399174716e-06	post_hoc_exploratory_algorithmic_sensitivity_not_replicates
1	3f7a2d1965f5a22e0ee7498a82f5a854542bd685352db4cbbb681c1b3ffb06c6	2313cf8d953afadf400e06c71c12e8437f953a3373cb4f84654365096adaaef0	ec1dd65d9e19be9080544ef3e7154020def38f54f0297db8b2ffc2b59ef4fae2	GCfix	4	2048	2053	128	0.003463928021732305	0.0017841841066900286	0.0011166386613999536	0.0016797439150422764	0.0023472893603323514	0.203125	0.0	0.796875	6.788567207456117e-06	0.00010415382981057806	0	0	2.740497450082202e-06	post_hoc_exploratory_algorithmic_sensitivity_not_replicates
2	7691d81db91a5d7dfa39804911a7eee9c464633a673cb3a6cf623ebb3a16e249	13f1b8afa6438a94f2d3dfdb04743cd387d3a69098ce76e2c5ac4ab11b553425	2c9156b0ce3ea369c1da17628c1df9898445aa63188627daec5d97e2c546cefa	GCall	2	2048	2053	512	0.0027939178843606055	0.0018480843421048705	0.0017784866445634782	0.0009458335422557348	0.001015431239797127	0.2578125	0.0	0.7421875	4.871829085641625e-06	8.191389670838482e-05	0	0	1.2089578897978015e-06	post_hoc_exploratory_algorithmic_sensitivity_not_replicates
2	7691d81db91a5d7dfa39804911a7eee9c464633a673cb3a6cf623ebb3a16e249	13f1b8afa6438a94f2d3dfdb04743cd387d3a69098ce76e2c5ac4ab11b553425	2c9156b0ce3ea369c1da17628c1df9898445aa63188627daec5d97e2c546cefa	GCall	4	2048	2053	128	0.004178850479599294	0.0027836098730708875	0.0016823946643742685	0.0013952406065284063	0.0024964558152250254	0.171875	0.0	0.828125	6.077480437145411e-06	0.00010336991562009929	0	0	6.634684710071781e-06	post_hoc_exploratory_algorithmic_sensitivity_not_replicates
2	7691d81db91a5d7dfa39804911a7eee9c464633a673cb3a6cf623ebb3a16e249	13f1b8afa6438a94f2d3dfdb04743cd387d3a69098ce76e2c5ac4ab11b553425	2c9156b0ce3ea369c1da17628c1df9898445aa63188627daec5d97e2c546cefa	GCfix	2	2048	2053	512	0.0024823626639984444	0.001733281566604499	0.001426994581373321	0.0007490810973939455	0.0010553680826251234	0.28125	0.0	0.71875	5.417807907089019e-06	8.191389670838482e-05	0	0	3.9392670800886265e-06	post_hoc_exploratory_algorithmic_sensitivity_not_replicates
2	7691d81db91a5d7dfa39804911a7eee9c464633a673cb3a6cf623ebb3a16e249	13f1b8afa6438a94f2d3dfdb04743cd387d3a69098ce76e2c5ac4ab11b553425	2c9156b0ce3ea369c1da17628c1df9898445aa63188627daec5d97e2c546cefa	GCfix	4	2048	2053	128	0.0036198996475898674	0.0020681561472975585	0.0010761909105289217	0.0015517435002923088	0.0025437087370609457	0.1796875	0.0	0.8203125	6.8101439669080725e-06	0.00010336991562009929	0	0	4.8121008600077175e-06	post_hoc_exploratory_algorithmic_sensitivity_not_replicates
3	9a9a51be5c934e710050199176c4eec77adc49b2857a8724cadfab69f52c91da	0a86038669f135ec2c2043ff727a991a7598e245e62e3a3d19e6b50ec436834d	c0778028a33c67967118e85dc6b1d04841c15b3d284a69c32007f493a924769d	GCall	2	2048	2053	512	0.0024711072809388214	0.0017505130037410693	0.0016251298310424643	0.0007205942771977521	0.0008459774498963571	0.298828125	0.0	0.701171875	4.894910288808932e-06	8.39933431345192e-05	0	0	5.103209249845975e-06	post_hoc_exploratory_algorithmic_sensitivity_not_replicates
3	9a9a51be5c934e710050199176c4eec77adc49b2857a8724cadfab69f52c91da	0a86038669f135ec2c2043ff727a991a7598e245e62e3a3d19e6b50ec436834d	c0778028a33c67967118e85dc6b1d04841c15b3d284a69c32007f493a924769d	GCall	4	2048	2053	128	0.003625890601534295	0.002511688262139815	0.0011873219891261845	0.0011142023393944803	0.0024385686124081107	0.1640625	0.0	0.8359375	6.044628952783216e-06	0.00010306975617911569	0	0	3.8113284599461394e-06	post_hoc_exploratory_algorithmic_sensitivity_not_replicates
3	9a9a51be5c934e710050199176c4eec77adc49b2857a8724cadfab69f52c91da	0a86038669f135ec2c2043ff727a991a7598e245e62e3a3d19e6b50ec436834d	c0778028a33c67967118e85dc6b1d04841c15b3d284a69c32007f493a924769d	GCfix	2	2048	2053	512	0.0025831005836026394	0.0016637427732394488	0.0017596488375446312	0.0009193578103631906	0.0008234517460580081	0.29296875	0.0	0.70703125	5.514527752043412e-06	8.39933431345192e-05	0	0	2.1420034310715153e-06	post_hoc_exploratory_algorithmic_sensitivity_not_replicates
3	9a9a51be5c934e710050199176c4eec77adc49b2857a8724cadfab69f52c91da	0a86038669f135ec2c2043ff727a991a7598e245e62e3a3d19e6b50ec436834d	c0778028a33c67967118e85dc6b1d04841c15b3d284a69c32007f493a924769d	GCfix	4	2048	2053	128	0.0036877523086300094	0.0019646345820234414	0.0009885032315793442	0.001723117726606568	0.0026992490770506652	0.1875	0.0	0.8125	6.7772971068529924e-06	0.00010306975617911569	0	0	4.138934279973583e-06	post_hoc_exploratory_algorithmic_sensitivity_not_replicates
4	4b3cc769ebba147e459fdad54ac1019b5a1a0992ce53b435d6b934240aca81de	6d13e0a8cafe47aacf9aefb4e6f7dd440f41af6acd180494af68f1f3cc88eaf1	4eace3311cd86dd2f066e6aad5d2d5e4031fe4c945692abdb2a6166ed720f30f	GCall	2	2048	2053	512	0.0028465802569788015	0.001991277646461336	0.0013507746128108684	0.0008553026105174656	0.0014958056441679332	0.287109375	0.0	0.712890625	4.773551247062064e-06	8.331125191710559e-05	0	0	6.194406140025421e-06	post_hoc_exploratory_algorithmic_sensitivity_not_replicates
4	4b3cc769ebba147e459fdad54ac1019b5a1a0992ce53b435d6b934240aca81de	6d13e0a8cafe47aacf9aefb4e6f7dd440f41af6acd180494af68f1f3cc88eaf1	4eace3311cd86dd2f066e6aad5d2d5e4031fe4c945692abdb2a6166ed720f30f	GCall	4	2048	2053	128	0.0035116673246823656	0.002527676307358886	0.0022611714555027572	0.0009839910173234795	0.0012504958691796084	0.1875	0.0	0.8125	5.989245100148119e-06	0.00010517284371058324	0	0	1.498652283005164e-05	post_hoc_exploratory_algorithmic_sensitivity_not_replicates
4	4b3cc769ebba147e459fdad54ac1019b5a1a0992ce53b435d6b934240aca81de	6d13e0a8cafe47aacf9aefb4e6f7dd440f41af6acd180494af68f1f3cc88eaf1	4eace3311cd86dd2f066e6aad5d2d5e4031fe4c945692abdb2a6166ed720f30f	GCfix	2	2048	2053	512	0.0025339135455193767	0.0017846581850420936	0.0015469279666822926	0.0007492553604772829	0.0009869855788370839	0.306640625	0.0	0.693359375	5.337299597783111e-06	8.331125191710559e-05	0	0	9.798183200349087e-07	post_hoc_exploratory_algorithmic_sensitivity_not_replicates
4	4b3cc769ebba147e459fdad54ac1019b5a1a0992ce53b435d6b934240aca81de	6d13e0a8cafe47aacf9aefb4e6f7dd440f41af6acd180494af68f1f3cc88eaf1	4eace3311cd86dd2f066e6aad5d2d5e4031fe4c945692abdb2a6166ed720f30f	GCfix	4	2048	2053	128	0.0035893105642206434	0.002463075544198089	0.0017799221101289743	0.0011262350200225545	0.001809388454091669	0.21875	0.0	0.78125	6.682562778516341e-06	0.00010517284371058324	0	0	8.577164260170633e-06	post_hoc_exploratory_algorithmic_sensitivity_not_replicates
5	099e5f91d7e6f07371c9809b48f76ab0af0b190a2b156f8b065ea78c5fb37130	e74d89c77eb298753c60829038591e82c5575a1200841088b0387cc7c660dd2e	0499f96b26c81055a28bdf96d83a2943c16248f2c5e2937342b1009ed3f7c6f7	GCall	2	2048	2053	512	0.0029875172711032252	0.0016469210425820089	0.0018040953188550504	0.0013405962285212162	0.0011834219522481747	0.25390625	0.0	0.74609375	4.781312847814514e-06	8.195315164821324e-05	0	0	2.386668910059342e-06	post_hoc_exploratory_algorithmic_sensitivity_not_replicates
5	099e5f91d7e6f07371c9809b48f76ab0af0b190a2b156f8b065ea78c5fb37130	e74d89c77eb298753c60829038591e82c5575a1200841088b0387cc7c660dd2e	0499f96b26c81055a28bdf96d83a2943c16248f2c5e2937342b1009ed3f7c6f7	GCall	4	2048	2053	128	0.0037829716597137034	0.0024267302563693843	0.0021211487094565055	0.001356241403344319	0.0016618229502571979	0.1875	0.0	0.8125	5.981491068463707e-06	0.00010246935413107808	0	0	5.561930999986586e-06	post_hoc_exploratory_algorithmic_sensitivity_not_replicates
5	099e5f91d7e6f07371c9809b48f76ab0af0b190a2b156f8b065ea78c5fb37130	e74d89c77eb298753c60829038591e82c5575a1200841088b0387cc7c660dd2e	0499f96b26c81055a28bdf96d83a2943c16248f2c5e2937342b1009ed3f7c6f7	GCfix	2	2048	2053	512	0.002885080676002932	0.0015721309996995741	0.0017779264797636153	0.0013129496763033578	0.0011071541962393166	0.263671875	0.0	0.736328125	5.339520119707944e-06	8.195315164821324e-05	0	0	1.5587434900599106e-06	post_hoc_exploratory_algorithmic_sensitivity_not_replicates
5	099e5f91d7e6f07371c9809b48f76ab0af0b190a2b156f8b065ea78c5fb37130	e74d89c77eb298753c60829038591e82c5575a1200841088b0387cc7c660dd2e	0499f96b26c81055a28bdf96d83a2943c16248f2c5e2937342b1009ed3f7c6f7	GCfix	4	2048	2053	128	0.00359919309809537	0.002002728256426626	0.001606476282737311	0.001596464841668744	0.001992716815358059	0.1796875	0.0	0.8203125	6.689780898827559e-06	0.00010246935413107808	0	0	2.920227209823878e-06	post_hoc_exploratory_algorithmic_sensitivity_not_replicates
6	18d8b205265925401ec12ab08d25a92f7182ccefc1dd2468b7d49a5f6a89d71b	6376f996aa14a3a94d5d5a8a428921bd99adb242230ab1a195c9aded4ba3703e	907180a49a1646273045fde133f8e4bff490c0528a4ff6148f5020307bd9c906	GCall	2	2048	2053	512	0.0024815514343047747	0.0019139763310730786	0.0013686635633669124	0.000567575103231696	0.0011128878709378623	0.326171875	0.0	0.673828125	4.875558156359148e-06	8.400533183859133e-05	0	0	1.6833449500985864e-06	post_hoc_exploratory_algorithmic_sensitivity_not_replicates
6	18d8b205265925401ec12ab08d25a92f7182ccefc1dd2468b7d49a5f6a89d71b	6376f996aa14a3a94d5d5a8a428921bd99adb242230ab1a195c9aded4ba3703e	907180a49a1646273045fde133f8e4bff490c0528a4ff6148f5020307bd9c906	GCall	4	2048	2053	128	0.003608154443032208	0.002011239561022277	0.0014290265786193945	0.0015969148820099309	0.0021791278644128134	0.171875	0.0	0.828125	6.063587531795176e-06	0.00010472264760894216	0	0	8.600101009115235e-08	post_hoc_exploratory_algorithmic_sensitivity_not_replicates
6	18d8b205265925401ec12ab08d25a92f7182ccefc1dd2468b7d49a5f6a89d71b	6376f996aa14a3a94d5d5a8a428921bd99adb242230ab1a195c9aded4ba3703e	907180a49a1646273045fde133f8e4bff490c0528a4ff6148f5020307bd9c906	GCfix	2	2048	2053	512	0.0023493679511017284	0.0018963580201256931	0.0016003951319559255	0.0004530099309760353	0.0007489728191458029	0.33203125	0.0	0.66796875	5.516113366435815e-06	8.400533183859133e-05	0	0	2.0569759007216248e-07	post_hoc_exploratory_algorithmic_sensitivity_not_replicates
6	18d8b205265925401ec12ab08d25a92f7182ccefc1dd2468b7d49a5f6a89d71b	6376f996aa14a3a94d5d5a8a428921bd99adb242230ab1a195c9aded4ba3703e	907180a49a1646273045fde133f8e4bff490c0528a4ff6148f5020307bd9c906	GCfix	4	2048	2053	128	0.0032675229997846224	0.001872566451068731	0.0014515201832671068	0.0013949565487158914	0.0018160028165175156	0.234375	0.0	0.765625	6.811402703082447e-06	0.00010472264760894216	0	0	7.520601239985325e-06	post_hoc_exploratory_algorithmic_sensitivity_not_replicates
7	118644696de398c1016d61b7cc4c34f05a251dc276609367f0d23e49c162a233	48478ab31f6b6d9d6b521a7594279c58728255869aee0d41ac1e26f3930142a6	dad01782caa732177ee1e270c6f6f1256e0ab7d7b0356dc068909b627d2a888e	GCall	2	2048	2053	512	0.0025153520329784726	0.0017956460393090481	0.001394074769560509	0.0007197059936694243	0.0011212772634179634	0.326171875	0.0	0.673828125	4.705833362068546e-06	8.321358860924921e-05	0	0	2.248080210209835e-06	post_hoc_exploratory_algorithmic_sensitivity_not_replicates
7	118644696de398c1016d61b7cc4c34f05a251dc276609367f0d23e49c162a233	48478ab31f6b6d9d6b521a7594279c58728255869aee0d41ac1e26f3930142a6	dad01782caa732177ee1e270c6f6f1256e0ab7d7b0356dc068909b627d2a888e	GCall	4	2048	2053	128	0.0036353494006627317	0.00286044722395779	0.0018849323755537667	0.0007749021767049415	0.001750417025108965	0.2109375	0.0	0.7890625	6.027356826195759e-06	0.00010389610195422846	0	0	2.248080210209835e-06	post_hoc_exploratory_algorithmic_sensitivity_not_replicates
7	118644696de398c1016d61b7cc4c34f05a251dc276609367f0d23e49c162a233	48478ab31f6b6d9d6b521a7594279c58728255869aee0d41ac1e26f3930142a6	dad01782caa732177ee1e270c6f6f1256e0ab7d7b0356dc068909b627d2a888e	GCfix	2	2048	2053	512	0.0024153809163857793	0.0016858439755636765	0.0017093829871819629	0.0007295369408221028	0.0007059979292038164	0.3125	0.0	0.6875	5.249900131377611e-06	8.321358860924921e-05	0	0	3.5288411992517865e-07	post_hoc_exploratory_algorithmic_sensitivity_not_replicates
7	118644696de398c1016d61b7cc4c34f05a251dc276609367f0d23e49c162a233	48478ab31f6b6d9d6b521a7594279c58728255869aee0d41ac1e26f3930142a6	dad01782caa732177ee1e270c6f6f1256e0ab7d7b0356dc068909b627d2a888e	GCfix	4	2048	2053	128	0.0032715438804927577	0.002345582750486832	0.0015613056652152473	0.0009259611300059256	0.0017102382152775104	0.2109375	0.0	0.7890625	6.750411029644096e-06	0.00010389610195422846	0	0	3.0866266100826323e-06	post_hoc_exploratory_algorithmic_sensitivity_not_replicates
8	edfefbaec31f9a73745e95a1b8f3e230b5d863666dbe44e21b3d0a29f7347750	1c0a10a023ca75964ed8115a7e215603edfdf698925386967e8e8f6d76c3cb61	4705769a19cd750e2b3a2a8f645458885776ee0f0234809cfe6cea223c7f688c	GCall	2	2048	2053	512	0.002725627440369492	0.0017349751727753085	0.0013753024385382109	0.0009906522675941839	0.0013503250018312815	0.279296875	0.0	0.720703125	4.7933601838649195e-06	8.352267311673264e-05	0	0	2.51644204007917e-06	post_hoc_exploratory_algorithmic_sensitivity_not_replicates
8	edfefbaec31f9a73745e95a1b8f3e230b5d863666dbe44e21b3d0a29f7347750	1c0a10a023ca75964ed8115a7e215603edfdf698925386967e8e8f6d76c3cb61	4705769a19cd750e2b3a2a8f645458885776ee0f0234809cfe6cea223c7f688c	GCall	4	2048	2053	128	0.003998001763022011	0.002171311791732013	0.0015017528553494487	0.0018266899712899983	0.0024962489076725625	0.1328125	0.0	0.8671875	6.008370520318248e-06	0.00010299581512704926	0	0	2.155079459997822e-06	post_hoc_exploratory_algorithmic_sensitivity_not_replicates
8	edfefbaec31f9a73745e95a1b8f3e230b5d863666dbe44e21b3d0a29f7347750	1c0a10a023ca75964ed8115a7e215603edfdf698925386967e8e8f6d76c3cb61	4705769a19cd750e2b3a2a8f645458885776ee0f0234809cfe6cea223c7f688c	GCfix	2	2048	2053	512	0.0027569344840161925	0.0013697008337543355	0.0015497107470557586	0.0013872336502618568	0.0012072237369604338	0.287109375	0.0	0.712890625	5.392896275844929e-06	8.352267311673264e-05	0	0	1.742463230147706e-06	post_hoc_exploratory_algorithmic_sensitivity_not_replicates
8	edfefbaec31f9a73745e95a1b8f3e230b5d863666dbe44e21b3d0a29f7347750	1c0a10a023ca75964ed8115a7e215603edfdf698925386967e8e8f6d76c3cb61	4705769a19cd750e2b3a2a8f645458885776ee0f0234809cfe6cea223c7f688c	GCfix	4	2048	2053	128	0.0031626408179882964	0.0023240689964542224	0.0012730387704285298	0.000838571821534074	0.0018896020475597667	0.21875	0.0	0.78125	6.71107446021701e-06	0.00010299581512704926	0	0	2.1749608589916036e-05	post_hoc_exploratory_algorithmic_sensitivity_not_replicates
9	aa98707c1427b9d619fce1f52a3f791b31dbf903aecd86bf75966ad7056f618f	e80f52a56778e12554fa40ade3486039375b7146654136a75f232c510c9328d2	d429f6b2d015f36785d89f3c89aac3c2e6924bd35011487c7054b803fdaeb8c0	GCall	2	2048	2053	512	0.002659116539498808	0.0016459680437059148	0.0014737703788087627	0.0010131484957928932	0.0011853461606900454	0.30859375	0.0	0.69140625	4.740216028277427e-06	8.247373796380794e-05	0	0	3.56061639950056e-07	post_hoc_exploratory_algorithmic_sensitivity_not_replicates
9	aa98707c1427b9d619fce1f52a3f791b31dbf903aecd86bf75966ad7056f618f	e80f52a56778e12554fa40ade3486039375b7146654136a75f232c510c9328d2	d429f6b2d015f36785d89f3c89aac3c2e6924bd35011487c7054b803fdaeb8c0	GCall	4	2048	2053	128	0.003805359180359012	0.0020855191922225583	0.0017534638929394579	0.0017198399881364537	0.002051895287419554	0.1953125	0.0	0.8046875	6.052173929691833e-06	0.00010405440192573338	0	0	1.2806716619850889e-05	post_hoc_exploratory_algorithmic_sensitivity_not_replicates
9	aa98707c1427b9d619fce1f52a3f791b31dbf903aecd86bf75966ad7056f618f	e80f52a56778e12554fa40ade3486039375b7146654136a75f232c510c9328d2	d429f6b2d015f36785d89f3c89aac3c2e6924bd35011487c7054b803fdaeb8c0	GCfix	2	2048	2053	512	0.002557554109732082	0.0015910310084035575	0.0014686868344173077	0.0009665231013285245	0.0010888672753147743	0.318359375	0.0	0.681640625	5.2587461509524505e-06	8.247373796380794e-05	0	0	2.8920971799628603e-06	post_hoc_exploratory_algorithmic_sensitivity_not_replicates
9	aa98707c1427b9d619fce1f52a3f791b31dbf903aecd86bf75966ad7056f618f	e80f52a56778e12554fa40ade3486039375b7146654136a75f232c510c9328d2	d429f6b2d015f36785d89f3c89aac3c2e6924bd35011487c7054b803fdaeb8c0	GCfix	4	2048	2053	128	0.0035471704167832786	0.001678141334622193	0.0006790181672186243	0.0018690290821610856	0.002868152249564654	0.2421875	0.0	0.7578125	6.75942802834799e-06	0.00010405440192573338	0	0	2.486126888978646e-05	post_hoc_exploratory_algorithmic_sensitivity_not_replicates
10	a44dc2c4591eed31724cfef02b23927fe2d23ad0c522c8338114af6aac890ab8	cc1bd33148f0a3df100d78515f50230de8b46ed0ecf2e23b0453a2ff2a3a881f	7e46f8a0140573a2f11e12cc1d6a5024f36c2514ef727ecc7e7e6d8ea8a0be5e	GCall	2	2048	2053	512	0.002560627595830363	0.0015141815878210814	0.001520342673438202	0.0010464460080092817	0.0010402849223921612	0.302734375	0.0	0.697265625	4.7381036133976835e-06	8.172347854748105e-05	0	0	2.493794890146006e-06	post_hoc_exploratory_algorithmic_sensitivity_not_replicates
10	a44dc2c4591eed31724cfef02b23927fe2d23ad0c522c8338114af6aac890ab8	cc1bd33148f0a3df100d78515f50230de8b46ed0ecf2e23b0453a2ff2a3a881f	7e46f8a0140573a2f11e12cc1d6a5024f36c2514ef727ecc7e7e6d8ea8a0be5e	GCall	4	2048	2053	128	0.0036897395701450597	0.001716583919448328	0.0015951069477817105	0.0019731556506967316	0.002094632622363349	0.1640625	0.0	0.8359375	6.006558158066677e-06	0.0001029305347232119	0	0	8.298174260179536e-06	post_hoc_exploratory_algorithmic_sensitivity_not_replicates
10	a44dc2c4591eed31724cfef02b23927fe2d23ad0c522c8338114af6aac890ab8	cc1bd33148f0a3df100d78515f50230de8b46ed0ecf2e23b0453a2ff2a3a881f	7e46f8a0140573a2f11e12cc1d6a5024f36c2514ef727ecc7e7e6d8ea8a0be5e	GCfix	2	2048	2053	512	0.002332048078599559	0.0014898006235092292	0.0016085998745736362	0.0008422474550903295	0.0007234482040259225	0.326171875	0.0	0.673828125	5.295663031795999e-06	8.172347854748105e-05	0	0	4.185596888972576e-06	post_hoc_exploratory_algorithmic_sensitivity_not_replicates
10	a44dc2c4591eed31724cfef02b23927fe2d23ad0c522c8338114af6aac890ab8	cc1bd33148f0a3df100d78515f50230de8b46ed0ecf2e23b0453a2ff2a3a881f	7e46f8a0140573a2f11e12cc1d6a5024f36c2514ef727ecc7e7e6d8ea8a0be5e	GCfix	4	2048	2053	128	0.003083778898376289	0.0015370683580130723	0.0017632392572171345	0.0015467105403632166	0.0013205396411591543	0.203125	0.0	0.796875	6.729200813941559e-06	0.0001029305347232119	0	0	2.388318093005104e-05	post_hoc_exploratory_algorithmic_sensitivity_not_replicates
11	b110cbeb03d9ef309aeea905976793c39f5ff41cebc8b0256ce0e4cc03a264e8	df97f3f4252951f5d8ed0fb50e097ce1cb671348a97f7e7b78c33ed50d5b4c45	a036e624e422c7ceb0de4494fc765917523fd2fda0353b06aac257a44dea75ca	GCall	2	2048	2053	512	0.0029451906578064017	0.0021048101949605108	0.0013787781915099472	0.0008403804628458909	0.0015664124662964547	0.265625	0.0	0.734375	4.9203370232301485e-06	8.272903340490827e-05	0	0	9.11501166989126e-06	post_hoc_exploratory_algorithmic_sensitivity_not_replicates
11	b110cbeb03d9ef309aeea905976793c39f5ff41cebc8b0256ce0e4cc03a264e8	df97f3f4252951f5d8ed0fb50e097ce1cb671348a97f7e7b78c33ed50d5b4c45	a036e624e422c7ceb0de4494fc765917523fd2fda0353b06aac257a44dea75ca	GCall	4	2048	2053	128	0.0037866744222990892	0.002198966574767351	0.0013936471991880337	0.0015877078475317382	0.0023930272231110555	0.1640625	0.0	0.8359375	6.0459834339781695e-06	0.0001019893597188927	0	0	1.7946776879940174e-05	post_hoc_exploratory_algorithmic_sensitivity_not_replicates
11	b110cbeb03d9ef309aeea905976793c39f5ff41cebc8b0256ce0e4cc03a264e8	df97f3f4252951f5d8ed0fb50e097ce1cb671348a97f7e7b78c33ed50d5b4c45	a036e624e422c7ceb0de4494fc765917523fd2fda0353b06aac257a44dea75ca	GCfix	2	2048	2053	512	0.0027807058042451293	0.0020074294140197003	0.0017201411684196624	0.0007732763902254293	0.0010605646358254669	0.28125	0.0	0.71875	5.518817697993549e-06	8.272903340490827e-05	0	0	2.524814390003627e-06	post_hoc_exploratory_algorithmic_sensitivity_not_replicates
11	b110cbeb03d9ef309aeea905976793c39f5ff41cebc8b0256ce0e4cc03a264e8	df97f3f4252951f5d8ed0fb50e097ce1cb671348a97f7e7b78c33ed50d5b4c45	a036e624e422c7ceb0de4494fc765917523fd2fda0353b06aac257a44dea75ca	GCfix	4	2048	2053	128	0.0036171964075405356	0.0018854048774804436	0.0020238598693772328	0.001731791530060092	0.0015933365381633029	0.203125	0.0	0.796875	6.7557932965122635e-06	0.0001019893597188927	0	0	9.293425369927277e-06	post_hoc_exploratory_algorithmic_sensitivity_not_replicates
12	d539c02d126b0b25fd294f4a7c47bde565202c91c975faae54487e368294b27d	08493995c38f7e563673eb31df35e7b1985468048f921150fb0cd91b042887e2	f70db9fef68d32ba75c6bb8793fdd5a00397a3a33ade552b1826be8c8c6bbba1	GCall	2	2048	2053	512	0.0027150205144496472	0.002035086818345998	0.0017641306606236223	0.0006799336961036493	0.0009508898538260252	0.296875	0.0	0.703125	4.882029529658661e-06	8.339876628648625e-05	0	0	1.480751411198078e-05	post_hoc_exploratory_algorithmic_sensitivity_not_replicates
12	d539c02d126b0b25fd294f4a7c47bde565202c91c975faae54487e368294b27d	08493995c38f7e563673eb31df35e7b1985468048f921150fb0cd91b042887e2	f70db9fef68d32ba75c6bb8793fdd5a00397a3a33ade552b1826be8c8c6bbba1	GCall	4	2048	2053	128	0.0038593340076279155	0.002783895363236993	0.0013482921866241355	0.0010754386443909223	0.00251104182100378	0.171875	0.0	0.828125	6.054383063570734e-06	0.00010260170378409338	0	0	2.2215435298011954e-06	post_hoc_exploratory_algorithmic_sensitivity_not_replicates
12	d539c02d126b0b25fd294f4a7c47bde565202c91c975faae54487e368294b27d	08493995c38f7e563673eb31df35e7b1985468048f921150fb0cd91b042887e2	f70db9fef68d32ba75c6bb8793fdd5a00397a3a33ade552b1826be8c8c6bbba1	GCfix	2	2048	2053	512	0.0026468359329245477	0.001757339846718422	0.001615216925713201	0.0008894960862061258	0.0010316190072113469	0.30859375	0.0	0.69140625	5.416007105383654e-06	8.339876628648625e-05	0	0	3.076797879808524e-06	post_hoc_exploratory_algorithmic_sensitivity_not_replicates
12	d539c02d126b0b25fd294f4a7c47bde565202c91c975faae54487e368294b27d	08493995c38f7e563673eb31df35e7b1985468048f921150fb0cd91b042887e2	f70db9fef68d32ba75c6bb8793fdd5a00397a3a33ade552b1826be8c8c6bbba1	GCfix	4	2048	2053	128	0.0033900170391479934	0.0020057202720576307	0.0014817946780020996	0.0013842967670903627	0.0019082223611458938	0.2109375	0.0	0.7890625	6.7255999064206695e-06	0.00010260170378409338	0	0	8.971794360101981e-06	post_hoc_exploratory_algorithmic_sensitivity_not_replicates
13	9d190ce5a722b09a7505a26ecdf9a4b7bf27226dbd0594d2df45273a26104669	060ba5a6ce78c63edf796c67544ed91ecc84b0d62aa9cae01678339cdde3e407	df1605792470e88dda0ffdf3a5ffedfad3e893706c6ac77a1b47d59eae3e00df	GCall	2	2048	2053	512	0.002565478371805941	0.0020888558792043514	0.0015784158576510256	0.00047662249260158984	0.0009870625141549154	0.318359375	0.0	0.681640625	4.857305845224759e-06	8.164917385364734e-05	0	0	6.258124018998501e-09	post_hoc_exploratory_algorithmic_sensitivity_not_replicates
13	9d190ce5a722b09a7505a26ecdf9a4b7bf27226dbd0594d2df45273a26104669	060ba5a6ce78c63edf796c67544ed91ecc84b0d62aa9cae01678339cdde3e407	df1605792470e88dda0ffdf3a5ffedfad3e893706c6ac77a1b47d59eae3e00df	GCall	4	2048	2053	128	0.003573078279714431	0.002801984528832545	0.0013078577997363457	0.0007710937508818858	0.002265220479978085	0.21875	0.0	0.78125	5.994764654167291e-06	0.00010301011263875565	0	0	2.0404187299982723e-05	post_hoc_exploratory_algorithmic_sensitivity_not_replicates
13	9d190ce5a722b09a7505a26ecdf9a4b7bf27226dbd0594d2df45273a26104669	060ba5a6ce78c63edf796c67544ed91ecc84b0d62aa9cae01678339cdde3e407	df1605792470e88dda0ffdf3a5ffedfad3e893706c6ac77a1b47d59eae3e00df	GCfix	2	2048	2053	512	0.0024669569559079597	0.001977606263309069	0.0017871264323751604	0.0004893506925988909	0.0006798305235327996	0.33203125	0.0	0.66796875	5.480295873004442e-06	8.164917385364734e-05	0	0	5.099937001595833e-07	post_hoc_exploratory_algorithmic_sensitivity_not_replicates
13	9d190ce5a722b09a7505a26ecdf9a4b7bf27226dbd0594d2df45273a26104669	060ba5a6ce78c63edf796c67544ed91ecc84b0d62aa9cae01678339cdde3e407	df1605792470e88dda0ffdf3a5ffedfad3e893706c6ac77a1b47d59eae3e00df	GCfix	4	2048	2053	128	0.003273203451968164	0.0023679765779258365	0.001389766539843391	0.0009052268740423275	0.001883436912124773	0.2109375	0.0	0.7890625	6.694069388437433e-06	0.00010301011263875565	0	0	8.655111250144287e-06	post_hoc_exploratory_algorithmic_sensitivity_not_replicates
14	cb2063dc5599356f2d6e65c8ef10623846fdbe241c7012bda971cc2e3357605c	380063a84c63eafa033c889265c205f9c8454f9efd983eb0b57ad6552a215a49	cb86eeb767f101f2ce7a8d05ea2e0506c6cb676aeb679122b0fde04814da156b	GCall	2	2048	2053	512	0.0026473478175841896	0.0018443880657550429	0.0013953594377616556	0.0008029597518291467	0.001251988379822534	0.294921875	0.0	0.705078125	4.793160483470579e-06	8.288695870167671e-05	0	0	1.41764162300273e-05	post_hoc_exploratory_algorithmic_sensitivity_not_replicates
14	cb2063dc5599356f2d6e65c8ef10623846fdbe241c7012bda971cc2e3357605c	380063a84c63eafa033c889265c205f9c8454f9efd983eb0b57ad6552a215a49	cb86eeb767f101f2ce7a8d05ea2e0506c6cb676aeb679122b0fde04814da156b	GCall	4	2048	2053	128	0.003999185253971904	0.0018975982657543173	0.002061992311950726	0.0021015869882175867	0.001937192942021178	0.15625	0.0	0.84375	5.984723807086164e-06	0.00010309957069876609	0	0	1.5727510759955265e-05	post_hoc_exploratory_algorithmic_sensitivity_not_replicates
14	cb2063dc5599356f2d6e65c8ef10623846fdbe241c7012bda971cc2e3357605c	380063a84c63eafa033c889265c205f9c8454f9efd983eb0b57ad6552a215a49	cb86eeb767f101f2ce7a8d05ea2e0506c6cb676aeb679122b0fde04814da156b	GCfix	2	2048	2053	512	0.002466647273204625	0.0016998494859360603	0.0013869771669952546	0.0007667977872685646	0.0010796701062093703	0.29296875	0.0	0.70703125	5.330091671258742e-06	8.288695870167671e-05	0	0	2.3330017500100553e-06	post_hoc_exploratory_algorithmic_sensitivity_not_replicates
14	cb2063dc5599356f2d6e65c8ef10623846fdbe241c7012bda971cc2e3357605c	380063a84c63eafa033c889265c205f9c8454f9efd983eb0b57ad6552a215a49	cb86eeb767f101f2ce7a8d05ea2e0506c6cb676aeb679122b0fde04814da156b	GCfix	4	2048	2053	128	0.00382267505565938	0.001823867235117343	0.0017748357523101827	0.001998807820542037	0.0020478393033491974	0.171875	0.0	0.828125	6.656954112920895e-06	0.00010309957069876609	0	0	1.4747809690129898e-05	post_hoc_exploratory_algorithmic_sensitivity_not_replicates
15	c390bd8500469be4f8fc50c0e44d3b51b5f4ca497124830cf8edc51f182b25e4	b5f2a45a67ab3281729ebd25eaff786b8b35723909d6bf5716b0292a190912e4	23a6cf68df46e7b1c6db055605bbbc020c709a251daa2ca8a34bb62f9a9d28ca	GCall	2	2048	2053	512	0.0024406340937722986	0.0019150036865360981	0.0015666846379106063	0.0005256304072362007	0.0008739494558616925	0.30859375	0.0	0.69140625	4.897410790535654e-06	8.281602084568235e-05	0	0	6.058399310004958e-06	post_hoc_exploratory_algorithmic_sensitivity_not_replicates
15	c390bd8500469be4f8fc50c0e44d3b51b5f4ca497124830cf8edc51f182b25e4	b5f2a45a67ab3281729ebd25eaff786b8b35723909d6bf5716b0292a190912e4	23a6cf68df46e7b1c6db055605bbbc020c709a251daa2ca8a34bb62f9a9d28ca	GCall	4	2048	2053	128	0.002854218387296853	0.0026610811303390478	0.001879271623011239	0.0001931372569578052	0.0009749467642856139	0.25	0.0	0.75	6.047068777505287e-06	0.00010387933200138398	0	0	2.5973348101171467e-06	post_hoc_exploratory_algorithmic_sensitivity_not_replicates
15	c390bd8500469be4f8fc50c0e44d3b51b5f4ca497124830cf8edc51f182b25e4	b5f2a45a67ab3281729ebd25eaff786b8b35723909d6bf5716b0292a190912e4	23a6cf68df46e7b1c6db055605bbbc020c709a251daa2ca8a34bb62f9a9d28ca	GCfix	2	2048	2053	512	0.002485885471546979	0.0019736134489034066	0.0013780939179641313	0.0005122720226435728	0.0011077915535828479	0.3046875	0.0	0.6953125	5.500600973218527e-06	8.281602084568235e-05	0	0	9.874122199882152e-07	post_hoc_exploratory_algorithmic_sensitivity_not_replicates
15	c390bd8500469be4f8fc50c0e44d3b51b5f4ca497124830cf8edc51f182b25e4	b5f2a45a67ab3281729ebd25eaff786b8b35723909d6bf5716b0292a190912e4	23a6cf68df46e7b1c6db055605bbbc020c709a251daa2ca8a34bb62f9a9d28ca	GCfix	4	2048	2053	128	0.0033387146177045763	0.001959646622792516	0.0016266920073242696	0.0013790679949120602	0.0017120226103803067	0.2265625	0.0	0.7734375	6.777679846400923e-06	0.00010387933200138398	0	0	9.874122199882152e-07	post_hoc_exploratory_algorithmic_sensitivity_not_replicates
16	bf3659bac9ac146c4b4bca44e02c8a427f76dfe4b2eebb4e3177b858c6d1b250	404fd552a4b4157da2b8201490f23808a74f779f3586e9e089472bf51d02f577	16448d3ff6643af51eb8d0bf98d6b59d682a574ef331766392d93d6bd2cb6122	GCall	2	2048	2053	512	0.002569495949196493	0.0019117198358224448	0.0016013187816357331	0.0006577761133740483	0.0009681771675607599	0.306640625	0.0	0.693359375	4.784303179615847e-06	8.166088342359174e-05	0	0	6.162436339884891e-06	post_hoc_exploratory_algorithmic_sensitivity_not_replicates
16	bf3659bac9ac146c4b4bca44e02c8a427f76dfe4b2eebb4e3177b858c6d1b250	404fd552a4b4157da2b8201490f23808a74f779f3586e9e089472bf51d02f577	16448d3ff6643af51eb8d0bf98d6b59d682a574ef331766392d93d6bd2cb6122	GCall	4	2048	2053	128	0.004019924556622501	0.0027789212071793502	0.0020275076763273	0.0012410033494431507	0.0019924168802952008	0.1875	0.0	0.8125	6.013607426495607e-06	0.00010325269175971339	0	0	2.069295700124485e-06	post_hoc_exploratory_algorithmic_sensitivity_not_replicates
16	bf3659bac9ac146c4b4bca44e02c8a427f76dfe4b2eebb4e3177b858c6d1b250	404fd552a4b4157da2b8201490f23808a74f779f3586e9e089472bf51d02f577	16448d3ff6643af51eb8d0bf98d6b59d682a574ef331766392d93d6bd2cb6122	GCfix	2	2048	2053	512	0.0025962189095142625	0.0018780477583985385	0.001571402297658861	0.0007181711511157238	0.0010248166118554012	0.306640625	0.0	0.693359375	5.370818392530634e-06	8.166088342359174e-05	0	0	3.4759666900363584e-06	post_hoc_exploratory_algorithmic_sensitivity_not_replicates
16	bf3659bac9ac146c4b4bca44e02c8a427f76dfe4b2eebb4e3177b858c6d1b250	404fd552a4b4157da2b8201490f23808a74f779f3586e9e089472bf51d02f577	16448d3ff6643af51eb8d0bf98d6b59d682a574ef331766392d93d6bd2cb6122	GCfix	4	2048	2053	128	0.004123923007626789	0.0026587423272417497	0.0020526769760306554	0.001465180680385039	0.0020712460315961334	0.1796875	0.0	0.8203125	6.704511223642649e-06	0.00010325269175971339	0	0	3.2176446200793407e-06	post_hoc_exploratory_algorithmic_sensitivity_not_replicates
17	a02b244b4dbc87cbbb427ab7241b8fe786538eb6b361f9415de838e91ea592d6	568daeeb35edd42809c188f7ed43517a09dd8d5b134640f4731b281284ef9143	f243d383d5e13379418c1a8680290d33997d3dbad940c5724e002180db5fc5ee	GCall	2	2048	2053	512	0.002566852037100183	0.0016930929154815317	0.0012830075166545035	0.0008737591216186513	0.0012838445204456795	0.306640625	0.0	0.693359375	4.815571005048709e-06	8.380237267785401e-05	0	0	4.9884213300099844e-06	post_hoc_exploratory_algorithmic_sensitivity_not_replicates
17	a02b244b4dbc87cbbb427ab7241b8fe786538eb6b361f9415de838e91ea592d6	568daeeb35edd42809c188f7ed43517a09dd8d5b134640f4731b281284ef9143	f243d383d5e13379418c1a8680290d33997d3dbad940c5724e002180db5fc5ee	GCall	4	2048	2053	128	0.0037083970251624663	0.002339301137360063	0.0017762248591227468	0.0013690958878024035	0.0019321721660397195	0.1875	0.0	0.8125	5.993502757381418e-06	0.00010181222330926402	0	0	1.249768381006433e-05	post_hoc_exploratory_algorithmic_sensitivity_not_replicates
17	a02b244b4dbc87cbbb427ab7241b8fe786538eb6b361f9415de838e91ea592d6	568daeeb35edd42809c188f7ed43517a09dd8d5b134640f4731b281284ef9143	f243d383d5e13379418c1a8680290d33997d3dbad940c5724e002180db5fc5ee	GCfix	2	2048	2053	512	0.002533849189508455	0.0015436205434671475	0.0014459928243308526	0.0009902286460413074	0.0010878563651776022	0.31640625	0.0	0.68359375	5.372192428911903e-06	8.380237267785401e-05	0	0	1.0376734898009943e-06	post_hoc_exploratory_algorithmic_sensitivity_not_replicates
17	a02b244b4dbc87cbbb427ab7241b8fe786538eb6b361f9415de838e91ea592d6	568daeeb35edd42809c188f7ed43517a09dd8d5b134640f4731b281284ef9143	f243d383d5e13379418c1a8680290d33997d3dbad940c5724e002180db5fc5ee	GCfix	4	2048	2053	128	0.003169516732491119	0.0018427460486926932	0.0014580829865259012	0.0013267706837984256	0.0017114337459652176	0.25	0.0	0.75	6.662484380886536e-06	0.00010181222330926402	0	0	5.183631579974701e-06	post_hoc_exploratory_algorithmic_sensitivity_not_replicates
18	4662bb0cdc5b13aac14ca9e30922ac2aa4f045317d57c147e2153b377e1246d6	dca40d906f9259a2eeacbb3f33913bca0f9cdd45dede883a7df1963c5391ecfa	2db875c246f70113ff2244c807512132d06ccf462a315e81970d135b1188f291	GCall	2	2048	2053	512	0.002642386857538686	0.0018637643744718656	0.0013774557510336366	0.0007786224830668201	0.001264931106505049	0.271484375	0.0	0.728515625	4.814917381324817e-06	8.393806166814525e-05	0	0	5.902839199656285e-07	post_hoc_exploratory_algorithmic_sensitivity_not_replicates
18	4662bb0cdc5b13aac14ca9e30922ac2aa4f045317d57c147e2153b377e1246d6	dca40d906f9259a2eeacbb3f33913bca0f9cdd45dede883a7df1963c5391ecfa	2db875c246f70113ff2244c807512132d06ccf462a315e81970d135b1188f291	GCall	4	2048	2053	128	0.003334366091714865	0.0024675717455073867	0.000826729221151957	0.0008667943462074782	0.002507636870562908	0.1796875	0.0	0.8203125	6.008892629268069e-06	0.00010342369171298895	0	0	5.344745899193981e-07	post_hoc_exploratory_algorithmic_sensitivity_not_replicates
18	4662bb0cdc5b13aac14ca9e30922ac2aa4f045317d57c147e2153b377e1246d6	dca40d906f9259a2eeacbb3f33913bca0f9cdd45dede883a7df1963c5391ecfa	2db875c246f70113ff2244c807512132d06ccf462a315e81970d135b1188f291	GCfix	2	2048	2053	512	0.0025103558168318362	0.001745668653857484	0.0014009823819117232	0.0007646871629743526	0.0011093734349201132	0.28125	0.0	0.71875	5.385373384304043e-06	8.393806166814525e-05	0	0	1.6634156101424935e-06	post_hoc_exploratory_algorithmic_sensitivity_not_replicates
18	4662bb0cdc5b13aac14ca9e30922ac2aa4f045317d57c147e2153b377e1246d6	dca40d906f9259a2eeacbb3f33913bca0f9cdd45dede883a7df1963c5391ecfa	2db875c246f70113ff2244c807512132d06ccf462a315e81970d135b1188f291	GCfix	4	2048	2053	128	0.0035613121869057856	0.0021318137152518688	0.0008735134851730088	0.0014294984716539168	0.002687798701732777	0.1875	0.0	0.8125	6.684989973055356e-06	0.00010342369171298895	0	0	1.6634156101424935e-06	post_hoc_exploratory_algorithmic_sensitivity_not_replicates
19	c2792416ecd6260b84adb06c3f74a7231ae9c80913c1743eb879ad254fecd9cf	f63c8b1af0a6f6db9724f68b7acb55a852fdaee19b532741f81ac79528650bc5	ee85b8331144f5a1765febac57b997324745e8473de55de75142aaa447d807fd	GCall	2	2048	2053	512	0.002856047130083446	0.0019579221743295386	0.0016616715764914954	0.0008981249557539078	0.001194375553591951	0.28515625	0.0	0.71484375	5.041894464888687e-06	8.3673671434204e-05	0	0	9.967027110091564e-06	post_hoc_exploratory_algorithmic_sensitivity_not_replicates
19	c2792416ecd6260b84adb06c3f74a7231ae9c80913c1743eb879ad254fecd9cf	f63c8b1af0a6f6db9724f68b7acb55a852fdaee19b532741f81ac79528650bc5	ee85b8331144f5a1765febac57b997324745e8473de55de75142aaa447d807fd	GCall	4	2048	2053	128	0.00433827937755147	0.0026449890739761277	0.0019176635785212491	0.001693290303575342	0.0024206157990302206	0.1640625	0.0	0.8359375	6.104121057349142e-06	0.00010348110014879383	0	0	1.7393550389988022e-05	post_hoc_exploratory_algorithmic_sensitivity_not_replicates
19	c2792416ecd6260b84adb06c3f74a7231ae9c80913c1743eb879ad254fecd9cf	f63c8b1af0a6f6db9724f68b7acb55a852fdaee19b532741f81ac79528650bc5	ee85b8331144f5a1765febac57b997324745e8473de55de75142aaa447d807fd	GCfix	2	2048	2053	512	0.0027148107340385563	0.001781843591077645	0.001744452659064881	0.0009329671429609112	0.000970358074973675	0.302734375	0.0	0.697265625	5.558512237272964e-06	8.3673671434204e-05	0	0	4.081233649921856e-06	post_hoc_exploratory_algorithmic_sensitivity_not_replicates
19	c2792416ecd6260b84adb06c3f74a7231ae9c80913c1743eb879ad254fecd9cf	f63c8b1af0a6f6db9724f68b7acb55a852fdaee19b532741f81ac79528650bc5	ee85b8331144f5a1765febac57b997324745e8473de55de75142aaa447d807fd	GCfix	4	2048	2053	128	0.003375847791320279	0.0025097737335894443	0.0017086068920213957	0.0008660740577308345	0.0016672408992988831	0.2265625	0.0	0.7734375	6.824394132381362e-06	0.00010348110014879383	0	0	1.3263812299602051e-06	post_hoc_exploratory_algorithmic_sensitivity_not_replicates
20	f61da7d6306d8666bf62bf6cf285347fb04f4ee9be99746bbd450d4e31af7e8e	b364a8152da7eaa8b1b8ab85975ea2a8a11e5169c57d4c4c053bd8053e1fd4c2	cb804a9f1f9d206b93931774313a7dbcac2c3d5afce60ada184ad99ad9b1822a	GCall	2	2048	2053	512	0.0027057581703793833	0.0018982995776746874	0.001622631715005146	0.0008074585927046961	0.0010831264553742375	0.27734375	0.0	0.72265625	4.6513142969985816e-06	8.349953494563288e-05	0	0	5.1562484300049505e-06	post_hoc_exploratory_algorithmic_sensitivity_not_replicates
20	f61da7d6306d8666bf62bf6cf285347fb04f4ee9be99746bbd450d4e31af7e8e	b364a8152da7eaa8b1b8ab85975ea2a8a11e5169c57d4c4c053bd8053e1fd4c2	cb804a9f1f9d206b93931774313a7dbcac2c3d5afce60ada184ad99ad9b1822a	GCall	4	2048	2053	128	0.0041579168231397675	0.0025447123546539644	0.00181718902372883	0.0016132044684858031	0.0023407277994109375	0.1484375	0.0	0.8515625	5.965446871265421e-06	0.00010098499916467798	0	0	9.869659880035186e-06	post_hoc_exploratory_algorithmic_sensitivity_not_replicates
20	f61da7d6306d8666bf62bf6cf285347fb04f4ee9be99746bbd450d4e31af7e8e	b364a8152da7eaa8b1b8ab85975ea2a8a11e5169c57d4c4c053bd8053e1fd4c2	cb804a9f1f9d206b93931774313a7dbcac2c3d5afce60ada184ad99ad9b1822a	GCfix	2	2048	2053	512	0.0026237323725186927	0.00166003535747662	0.0016162342890674655	0.0009636970150420727	0.0010074980834512272	0.302734375	0.0	0.697265625	5.215346123770327e-06	8.349953494563288e-05	0	0	5.210967800151067e-06	post_hoc_exploratory_algorithmic_sensitivity_not_replicates
20	f61da7d6306d8666bf62bf6cf285347fb04f4ee9be99746bbd450d4e31af7e8e	b364a8152da7eaa8b1b8ab85975ea2a8a11e5169c57d4c4c053bd8053e1fd4c2	cb804a9f1f9d206b93931774313a7dbcac2c3d5afce60ada184ad99ad9b1822a	GCfix	4	2048	2053	128	0.003993766490170625	0.0027466242243954393	0.001792383867616612	0.0012471422657751854	0.0022013826225540127	0.1796875	0.0	0.8203125	6.7006668858306176e-06	0.00010098499916467798	0	0	1.5024295509924457e-05	post_hoc_exploratory_algorithmic_sensitivity_not_replicates
21	fbd9bea05328fc0222d05bb32621bd06515eee289de24983d49a4aff783adf17	99ddbfe8bb32f190ec22280557026ba0f0add629d3fe5e35354690525a4377fb	51c62726f1b657211041c244d942a2c0768beb86105bd542a95a09ecededf721	GCall	2	2048	2053	512	0.0027257938397501472	0.001983375369500098	0.0015747527231466604	0.0007424184702500493	0.0011510411166034868	0.28515625	0.0	0.71484375	4.794571437918705e-06	8.257301624441252e-05	0	0	7.238792850028375e-06	post_hoc_exploratory_algorithmic_sensitivity_not_replicates
21	fbd9bea05328fc0222d05bb32621bd06515eee289de24983d49a4aff783adf17	99ddbfe8bb32f190ec22280557026ba0f0add629d3fe5e35354690525a4377fb	51c62726f1b657211041c244d942a2c0768beb86105bd542a95a09ecededf721	GCall	4	2048	2053	128	0.00440119985080969	0.0026306904380646408	0.00126437568773923	0.001770509412745049	0.0031368241630704598	0.1875	0.0	0.8125	5.9876267849456215e-06	0.00010196832276583985	0	0	1.2815916559993923e-05	post_hoc_exploratory_algorithmic_sensitivity_not_replicates
21	fbd9bea05328fc0222d05bb32621bd06515eee289de24983d49a4aff783adf17	99ddbfe8bb32f190ec22280557026ba0f0add629d3fe5e35354690525a4377fb	51c62726f1b657211041c244d942a2c0768beb86105bd542a95a09ecededf721	GCfix	2	2048	2053	512	0.00269074962255111	0.0019165867561312783	0.0014807995916308288	0.0007741628664198318	0.0012099500309202813	0.287109375	0.0	0.712890625	5.350651167526444e-06	8.257301624441252e-05	0	0	2.9902401099679565e-06	post_hoc_exploratory_algorithmic_sensitivity_not_replicates
21	fbd9bea05328fc0222d05bb32621bd06515eee289de24983d49a4aff783adf17	99ddbfe8bb32f190ec22280557026ba0f0add629d3fe5e35354690525a4377fb	51c62726f1b657211041c244d942a2c0768beb86105bd542a95a09ecededf721	GCfix	4	2048	2053	128	0.0036085485672435825	0.0021879931967764806	0.0013276793620492933	0.0014205553704671019	0.002280869205194289	0.234375	0.0	0.765625	6.6714984151662474e-06	0.00010196832276583985	0	0	9.401750600268599e-07	post_hoc_exploratory_algorithmic_sensitivity_not_replicates
22	c90f11b230e70d2ea0bc9cf4e497baba4141b94d591958740f8cac14c359bf20	12558163bc2e018e0346d90409abb5162828cbb38778325bbfe73eaa9fc41828	fa843ae73754f7b09c92cff6ff5e960d3cffe7c8e2c04950a8f754956818abf1	GCall	2	2048	2053	512	0.0028646620707700942	0.00202135642955997	0.0015318881111882421	0.0008433056412101242	0.001332773959581852	0.283203125	0.0	0.716796875	4.8065922965501046e-06	8.317755225936425e-05	0	0	1.2967206899361372e-06	post_hoc_exploratory_algorithmic_sensitivity_not_replicates
22	c90f11b230e70d2ea0bc9cf4e497baba4141b94d591958740f8cac14c359bf20	12558163bc2e018e0346d90409abb5162828cbb38778325bbfe73eaa9fc41828	fa843ae73754f7b09c92cff6ff5e960d3cffe7c8e2c04950a8f754956818abf1	GCall	4	2048	2053	128	0.003721607680441292	0.002654758212982224	0.001784254415388706	0.001066849467459068	0.001937353265052586	0.2109375	0.0	0.7890625	6.064538376885907e-06	0.00010384868434396142	0	0	4.486700819983369e-06	post_hoc_exploratory_algorithmic_sensitivity_not_replicates
22	c90f11b230e70d2ea0bc9cf4e497baba4141b94d591958740f8cac14c359bf20	12558163bc2e018e0346d90409abb5162828cbb38778325bbfe73eaa9fc41828	fa843ae73754f7b09c92cff6ff5e960d3cffe7c8e2c04950a8f754956818abf1	GCfix	2	2048	2053	512	0.002688722383240659	0.0018225128609415636	0.001393981271532046	0.0008662095222990954	0.001294741111708613	0.298828125	0.0	0.701171875	5.288660647019252e-06	8.317755225936425e-05	0	0	1.6120150101439634e-06	post_hoc_exploratory_algorithmic_sensitivity_not_replicates
22	c90f11b230e70d2ea0bc9cf4e497baba4141b94d591958740f8cac14c359bf20	12558163bc2e018e0346d90409abb5162828cbb38778325bbfe73eaa9fc41828	fa843ae73754f7b09c92cff6ff5e960d3cffe7c8e2c04950a8f754956818abf1	GCfix	4	2048	2053	128	0.0036165106650243644	0.0020956860814511638	0.0016817766256627936	0.0015208245835732007	0.0019347340393615709	0.2578125	0.0	0.7421875	6.760631026995324e-06	0.00010384868434396142	0	0	5.423449120023349e-06	post_hoc_exploratory_algorithmic_sensitivity_not_replicates
23	307bd6e8732cf6191787d0d8613ec10902ab7ba7bc6458b998ae107eaf45a146	19b9c58852649acccb67377687cc27274511fdfb7be461bdb7115446342a514e	e330089a4c2f181a9aa59c3728e739b6336f2af9771d1fe05747806cb0596e2f	GCall	2	2048	2053	512	0.0027532471798798175	0.0016921804275364222	0.0015659864347040181	0.0010610667523433953	0.0011872607451757994	0.2890625	0.0	0.7109375	4.841218105962737e-06	8.367848836262265e-05	0	0	1.6744456500017435e-05	post_hoc_exploratory_algorithmic_sensitivity_not_replicates
23	307bd6e8732cf6191787d0d8613ec10902ab7ba7bc6458b998ae107eaf45a146	19b9c58852649acccb67377687cc27274511fdfb7be461bdb7115446342a514e	e330089a4c2f181a9aa59c3728e739b6336f2af9771d1fe05747806cb0596e2f	GCall	4	2048	2053	128	0.004136342903976086	0.0020084117989252965	0.0018150681160676828	0.0021279311050507897	0.0023212747879084034	0.1796875	0.0	0.8203125	6.062883843729324e-06	0.00010425312120943574	0	0	1.090548132998137e-05	post_hoc_exploratory_algorithmic_sensitivity_not_replicates
23	307bd6e8732cf6191787d0d8613ec10902ab7ba7bc6458b998ae107eaf45a146	19b9c58852649acccb67377687cc27274511fdfb7be461bdb7115446342a514e	e330089a4c2f181a9aa59c3728e739b6336f2af9771d1fe05747806cb0596e2f	GCfix	2	2048	2053	512	0.002598500564235738	0.001699317225912759	0.0016223459052305265	0.0008991833383229792	0.0009761546590052119	0.3046875	0.0	0.6953125	5.396480399440448e-06	8.367848836262265e-05	0	0	1.1345100101589622e-06	post_hoc_exploratory_algorithmic_sensitivity_not_replicates
23	307bd6e8732cf6191787d0d8613ec10902ab7ba7bc6458b998ae107eaf45a146	19b9c58852649acccb67377687cc27274511fdfb7be461bdb7115446342a514e	e330089a4c2f181a9aa59c3728e739b6336f2af9771d1fe05747806cb0596e2f	GCfix	4	2048	2053	128	0.003949776635365289	0.0017798336284495673	0.0009780138197832602	0.002169943006915722	0.002971762815582029	0.2109375	0.0	0.7890625	6.762809131450598e-06	0.00010425312120943574	0	0	1.1345100101589622e-06	post_hoc_exploratory_algorithmic_sensitivity_not_replicates
24	b38f58dd67cf825fdbd2c9e8b1f67de8ce2f8f1eade2c8d5e86364bb9738f64f	577ddee31bdfaa982b1d91c6297c7a2e996d9eb78cfa71dc349568e43e08bdeb	0c6a489366933975ecf9dc15290ad445d556b04c52d27186a6b3660b98d5404c	GCall	2	2048	2053	512	0.002585350260482011	0.0015721336208836935	0.0014006172489262768	0.0010132166395983176	0.0011847330115557343	0.294921875	0.0	0.705078125	4.651999448181035e-06	8.321650019987834e-05	0	0	1.7843322801525119e-06	post_hoc_exploratory_algorithmic_sensitivity_not_replicates
24	b38f58dd67cf825fdbd2c9e8b1f67de8ce2f8f1eade2c8d5e86364bb9738f64f	577ddee31bdfaa982b1d91c6297c7a2e996d9eb78cfa71dc349568e43e08bdeb	0c6a489366933975ecf9dc15290ad445d556b04c52d27186a6b3660b98d5404c	GCall	4	2048	2053	128	0.003478675631444483	0.0032457811003011178	0.0019053705380473948	0.00023289453114336538	0.0015733050933970883	0.2109375	0.0	0.7890625	5.991310612027682e-06	0.00010413920784688895	0	0	1.1099881420006952e-05	post_hoc_exploratory_algorithmic_sensitivity_not_replicates
24	b38f58dd67cf825fdbd2c9e8b1f67de8ce2f8f1eade2c8d5e86364bb9738f64f	577ddee31bdfaa982b1d91c6297c7a2e996d9eb78cfa71dc349568e43e08bdeb	0c6a489366933975ecf9dc15290ad445d556b04c52d27186a6b3660b98d5404c	GCfix	2	2048	2053	512	0.0025127331808784984	0.0016450303655791013	0.0013579672847121576	0.0008677028152993971	0.0011547658961663409	0.306640625	0.0	0.693359375	5.2265017838511665e-06	8.321650019987834e-05	0	0	1.93475811993693e-06	post_hoc_exploratory_algorithmic_sensitivity_not_replicates
24	b38f58dd67cf825fdbd2c9e8b1f67de8ce2f8f1eade2c8d5e86364bb9738f64f	577ddee31bdfaa982b1d91c6297c7a2e996d9eb78cfa71dc349568e43e08bdeb	0c6a489366933975ecf9dc15290ad445d556b04c52d27186a6b3660b98d5404c	GCfix	4	2048	2053	128	0.003277102348338061	0.00253683583559756	0.0012138522322234918	0.0007402665127405009	0.0020632501161145693	0.2578125	0.0	0.7421875	6.695257919270749e-06	0.00010413920784688895	0	0	1.4919309479832776e-05	post_hoc_exploratory_algorithmic_sensitivity_not_replicates
25	b52ea340f475207c55717cb8f5e721e2e8b61b883b35e2829cfc3e05d0e20c2e	1a4f0cb7770254cd4d8786cc215fce3f021f35ff709296dad574ef148b515869	f934b6268155659c75b16d0cd2c0fedee562808bb10da552bcc605e48b789f71	GCall	2	2048	2053	512	0.002883613186208597	0.002226697290826877	0.001623819366683251	0.00065691589538172	0.001259793819525346	0.306640625	0.0	0.693359375	4.743309557221022e-06	8.268939710629288e-05	0	0	2.983408150081246e-06	post_hoc_exploratory_algorithmic_sensitivity_not_replicates
25	b52ea340f475207c55717cb8f5e721e2e8b61b883b35e2829cfc3e05d0e20c2e	1a4f0cb7770254cd4d8786cc215fce3f021f35ff709296dad574ef148b515869	f934b6268155659c75b16d0cd2c0fedee562808bb10da552bcc605e48b789f71	GCall	4	2048	2053	128	0.0038918901460950044	0.00259422289685523	0.0013999474627514451	0.0012976672492397744	0.0024919426833435593	0.21875	0.0	0.78125	6.019696073431948e-06	0.00010389984281580672	0	0	7.994996150006983e-06	post_hoc_exploratory_algorithmic_sensitivity_not_replicates
25	b52ea340f475207c55717cb8f5e721e2e8b61b883b35e2829cfc3e05d0e20c2e	1a4f0cb7770254cd4d8786cc215fce3f021f35ff709296dad574ef148b515869	f934b6268155659c75b16d0cd2c0fedee562808bb10da552bcc605e48b789f71	GCfix	2	2048	2053	512	0.0027288054702486854	0.0020238425543199277	0.0016526017994635642	0.0007049629159287577	0.0010762036707851212	0.30859375	0.0	0.69140625	5.291318276463642e-06	8.268939710629288e-05	0	0	1.1378214099799777e-06	post_hoc_exploratory_algorithmic_sensitivity_not_replicates
25	b52ea340f475207c55717cb8f5e721e2e8b61b883b35e2829cfc3e05d0e20c2e	1a4f0cb7770254cd4d8786cc215fce3f021f35ff709296dad574ef148b515869	f934b6268155659c75b16d0cd2c0fedee562808bb10da552bcc605e48b789f71	GCfix	4	2048	2053	128	0.0038965010283590826	0.002436025753390707	0.00019337255385189558	0.0014604752749683755	0.003703128474507187	0.2421875	0.0	0.7578125	6.721051063122098e-06	0.00010389984281580672	0	0	7.439022580157939e-06	post_hoc_exploratory_algorithmic_sensitivity_not_replicates
26	6ad8c568bd9fd877b7cf98960dce813246f9ad8ef68daa5b42282ec2f35468c0	88d55901b0f8a540de2e2df1faca15dfa4160d1dc3ac26c066f1e21a4e935869	2ecd1b12d1ace1c34ce890fa04f9675c4dc749e11aa1826b850f31e9fcca9a62	GCall	2	2048	2053	512	0.0028187203420888853	0.0020733743098827863	0.0017722808831881938	0.0007453460322060991	0.0010464394589006917	0.298828125	0.0	0.701171875	4.965971718985066e-06	8.095064551873771e-05	0	0	1.062888139946594e-06	post_hoc_exploratory_algorithmic_sensitivity_not_replicates
26	6ad8c568bd9fd877b7cf98960dce813246f9ad8ef68daa5b42282ec2f35468c0	88d55901b0f8a540de2e2df1faca15dfa4160d1dc3ac26c066f1e21a4e935869	2ecd1b12d1ace1c34ce890fa04f9675c4dc749e11aa1826b850f31e9fcca9a62	GCall	4	2048	2053	128	0.0037862560517287133	0.002093218700770152	0.0019007090311258376	0.0016930373509585614	0.0018855470206028757	0.1875	0.0	0.8125	6.01830693469573e-06	0.00010256235009945851	0	0	3.880225380115121e-06	post_hoc_exploratory_algorithmic_sensitivity_not_replicates
26	6ad8c568bd9fd877b7cf98960dce813246f9ad8ef68daa5b42282ec2f35468c0	88d55901b0f8a540de2e2df1faca15dfa4160d1dc3ac26c066f1e21a4e935869	2ecd1b12d1ace1c34ce890fa04f9675c4dc749e11aa1826b850f31e9fcca9a62	GCfix	2	2048	2053	512	0.0028420549377328307	0.0019600143184033258	0.001733503979118917	0.0008820406193295054	0.001108550958613914	0.296875	0.0	0.703125	5.5457944293302475e-06	8.095064551873771e-05	0	0	1.088800229975817e-06	post_hoc_exploratory_algorithmic_sensitivity_not_replicates
26	6ad8c568bd9fd877b7cf98960dce813246f9ad8ef68daa5b42282ec2f35468c0	88d55901b0f8a540de2e2df1faca15dfa4160d1dc3ac26c066f1e21a4e935869	2ecd1b12d1ace1c34ce890fa04f9675c4dc749e11aa1826b850f31e9fcca9a62	GCfix	4	2048	2053	128	0.0035196584877738276	0.002279054645558537	0.0016154197443970482	0.0012406038422152904	0.0019042387433767793	0.203125	0.0	0.796875	6.731625443653352e-06	0.00010256235009945851	0	0	1.8226169300472606e-06	post_hoc_exploratory_algorithmic_sensitivity_not_replicates
27	28c0f9a6be37ec2eacdc6f51e25e94e850aec942445829384014f2805e140d93	d7667a043ea501666638fd3539a2fa4cf7679985e4894428e3cc3802da0e0684	deb9b0b580ea2a1cccfcea92b5d4ab86d0c558e2a28c2bdcb259fa13021de7ee	GCall	2	2048	2053	512	0.0026512612150278603	0.001992515462697672	0.0015493926741341245	0.0006587457523301887	0.001101868540893736	0.3046875	0.0	0.6953125	4.849135600360183e-06	8.192960040391582e-05	0	0	1.1738447014408848e-07	post_hoc_exploratory_algorithmic_sensitivity_not_replicates
27	28c0f9a6be37ec2eacdc6f51e25e94e850aec942445829384014f2805e140d93	d7667a043ea501666638fd3539a2fa4cf7679985e4894428e3cc3802da0e0684	deb9b0b580ea2a1cccfcea92b5d4ab86d0c558e2a28c2bdcb259fa13021de7ee	GCall	4	2048	2053	128	0.003306813980313777	0.0027270718772476523	0.0016027147126949108	0.0005797421030661245	0.001704099267618866	0.171875	0.0	0.828125	5.9997676617800005e-06	0.00010326861645191245	0	0	7.490234249951655e-06	post_hoc_exploratory_algorithmic_sensitivity_not_replicates
27	28c0f9a6be37ec2eacdc6f51e25e94e850aec942445829384014f2805e140d93	d7667a043ea501666638fd3539a2fa4cf7679985e4894428e3cc3802da0e0684	deb9b0b580ea2a1cccfcea92b5d4ab86d0c558e2a28c2bdcb259fa13021de7ee	GCfix	2	2048	2053	512	0.0025008692587814288	0.001898122863235213	0.001357669261279215	0.0006027463955462157	0.0011431999975022138	0.310546875	0.0	0.689453125	5.427979062642436e-06	8.192960040391582e-05	0	0	7.287830980029497e-06	post_hoc_exploratory_algorithmic_sensitivity_not_replicates
27	28c0f9a6be37ec2eacdc6f51e25e94e850aec942445829384014f2805e140d93	d7667a043ea501666638fd3539a2fa4cf7679985e4894428e3cc3802da0e0684	deb9b0b580ea2a1cccfcea92b5d4ab86d0c558e2a28c2bdcb259fa13021de7ee	GCfix	4	2048	2053	128	0.0031481789680570553	0.001912979852123054	0.001492001663879426	0.0012351991159340013	0.0016561773041776293	0.1875	0.0	0.8125	6.714139501640896e-06	0.00010326861645191245	0	0	5.049204319984568e-06	post_hoc_exploratory_algorithmic_sensitivity_not_replicates
28	2c188a97779b47b7dee4228d1295b4821c98451218b801f7a0cb285527fd49e2	48d213ffc69898b3c591c9166b38fa2bf25e2db3c48d9dae22a5b32715043ab5	ceaa11cca10fdfbcc337d1d8470e6db68c04fa9d43ba53c7eaa611755a2c3379	GCall	2	2048	2053	512	0.0029239352482320667	0.0019908231865334277	0.0014533352740908692	0.0009331120616986391	0.0014705999741411976	0.259765625	0.0	0.740234375	4.860273624140972e-06	8.031343142850207e-05	0	0	8.990857060187096e-06	post_hoc_exploratory_algorithmic_sensitivity_not_replicates
28	2c188a97779b47b7dee4228d1295b4821c98451218b801f7a0cb285527fd49e2	48d213ffc69898b3c591c9166b38fa2bf25e2db3c48d9dae22a5b32715043ab5	ceaa11cca10fdfbcc337d1d8470e6db68c04fa9d43ba53c7eaa611755a2c3379	GCall	4	2048	2053	128	0.003800844054255832	0.0024196144768841195	0.0017732825221588103	0.0013812295773717124	0.0020275615320970216	0.1796875	0.0	0.8203125	6.025921020876332e-06	0.00010281771558560436	0	0	1.7078474598974935e-06	post_hoc_exploratory_algorithmic_sensitivity_not_replicates
28	2c188a97779b47b7dee4228d1295b4821c98451218b801f7a0cb285527fd49e2	48d213ffc69898b3c591c9166b38fa2bf25e2db3c48d9dae22a5b32715043ab5	ceaa11cca10fdfbcc337d1d8470e6db68c04fa9d43ba53c7eaa611755a2c3379	GCfix	2	2048	2053	512	0.0029097890974203794	0.0020121121308083554	0.001390035221764469	0.0008976769666120237	0.0015197538756559102	0.263671875	0.0	0.736328125	5.423730489114877e-06	8.031343142850207e-05	0	0	2.6597532398753287e-06	post_hoc_exploratory_algorithmic_sensitivity_not_replicates
28	2c188a97779b47b7dee4228d1295b4821c98451218b801f7a0cb285527fd49e2	48d213ffc69898b3c591c9166b38fa2bf25e2db3c48d9dae22a5b32715043ab5	ceaa11cca10fdfbcc337d1d8470e6db68c04fa9d43ba53c7eaa611755a2c3379	GCfix	4	2048	2053	128	0.0037429116186343146	0.001701602130349469	0.0016642717541040424	0.0020413094882848455	0.002078639864530272	0.1953125	0.0	0.8046875	6.7190059417086996e-06	0.00010281771558560436	0	0	3.6642656999763545e-06	post_hoc_exploratory_algorithmic_sensitivity_not_replicates
29	5a8c321ccba6e99c7f20bf334161e3d6aa0d59d6f39ece610ccc66d3c54c2b17	b97eab6bb7bd2a0a7957bdbae8836e769f7e1986f8d9a726f5ced27504c9b915	edbf135997504b5a59b76c24ea53366d4dada1c4598def2e735a8ec4dac47716	GCall	2	2048	2053	512	0.0025807639770106918	0.001638726808418857	0.0016370203771337987	0.0009420371685918345	0.0009437435998768929	0.3046875	0.0	0.6953125	4.759429030649841e-06	8.200076431468695e-05	0	0	2.93941758000571e-06	post_hoc_exploratory_algorithmic_sensitivity_not_replicates
29	5a8c321ccba6e99c7f20bf334161e3d6aa0d59d6f39ece610ccc66d3c54c2b17	b97eab6bb7bd2a0a7957bdbae8836e769f7e1986f8d9a726f5ced27504c9b915	edbf135997504b5a59b76c24ea53366d4dada1c4598def2e735a8ec4dac47716	GCall	4	2048	2053	128	0.0034893938756473362	0.002401447685886144	0.001938327901758326	0.0010879461897611922	0.0015510659738890101	0.2578125	0.0	0.7421875	5.9081048910519946e-06	0.00010365215280115583	0	0	3.277005540036626e-06	post_hoc_exploratory_algorithmic_sensitivity_not_replicates
29	5a8c321ccba6e99c7f20bf334161e3d6aa0d59d6f39ece610ccc66d3c54c2b17	b97eab6bb7bd2a0a7957bdbae8836e769f7e1986f8d9a726f5ced27504c9b915	edbf135997504b5a59b76c24ea53366d4dada1c4598def2e735a8ec4dac47716	GCfix	2	2048	2053	512	0.0023385653924318005	0.001471005081937417	0.0015149935277213972	0.0008675603104943835	0.0008235718647104033	0.333984375	0.0	0.666015625	5.274867706559413e-06	8.200076431468695e-05	0	0	7.24100760018942e-07	post_hoc_exploratory_algorithmic_sensitivity_not_replicates
29	5a8c321ccba6e99c7f20bf334161e3d6aa0d59d6f39ece610ccc66d3c54c2b17	b97eab6bb7bd2a0a7957bdbae8836e769f7e1986f8d9a726f5ced27504c9b915	edbf135997504b5a59b76c24ea53366d4dada1c4598def2e735a8ec4dac47716	GCfix	4	2048	2053	128	0.002958668361765787	0.0016528565396307293	0.0016268563914382137	0.0013058118221350576	0.001331811970327573	0.265625	0.0	0.734375	6.651996162661937e-06	0.00010365215280115583	0	0	7.24100760018942e-07	post_hoc_exploratory_algorithmic_sensitivity_not_replicates
30	550d0b7457dd5db261333a49018103e1b6fa655a8c4241cc5640344299348141	7858ab6a8a0662ccbd9a2f22fffb36309ad93f2681abdb10f09fe088ae6612a6	8e5a92328b04f1c79cd2500e5516cd96701a27717ede799d3e4be2e94aed5598	GCall	2	2048	2053	512	0.0026753807519727365	0.0019352057988948372	0.001628807828624844	0.0007401749530778993	0.0010465729233478925	0.275390625	0.0	0.724609375	4.868940683377894e-06	8.496272434809938e-05	0	0	5.346761519975374e-06	post_hoc_exploratory_algorithmic_sensitivity_not_replicates
30	550d0b7457dd5db261333a49018103e1b6fa655a8c4241cc5640344299348141	7858ab6a8a0662ccbd9a2f22fffb36309ad93f2681abdb10f09fe088ae6612a6	8e5a92328b04f1c79cd2500e5516cd96701a27717ede799d3e4be2e94aed5598	GCall	4	2048	2053	128	0.004164065538017297	0.0023482084256120734	0.0015836297435738948	0.0018158571124052237	0.0025804357944434024	0.1484375	0.0	0.8515625	6.0784367010685006e-06	0.00010442055510288447	0	0	6.142706070022541e-06	post_hoc_exploratory_algorithmic_sensitivity_not_replicates
30	550d0b7457dd5db261333a49018103e1b6fa655a8c4241cc5640344299348141	7858ab6a8a0662ccbd9a2f22fffb36309ad93f2681abdb10f09fe088ae6612a6	8e5a92328b04f1c79cd2500e5516cd96701a27717ede799d3e4be2e94aed5598	GCfix	2	2048	2053	512	0.0024087818293892687	0.0019219992139224505	0.0014169718383889504	0.000486782615466818	0.000991809991000318	0.302734375	0.0	0.697265625	5.400705531884496e-06	8.496272434809938e-05	0	0	1.3683318349944074e-05	post_hoc_exploratory_algorithmic_sensitivity_not_replicates
30	550d0b7457dd5db261333a49018103e1b6fa655a8c4241cc5640344299348141	7858ab6a8a0662ccbd9a2f22fffb36309ad93f2681abdb10f09fe088ae6612a6	8e5a92328b04f1c79cd2500e5516cd96701a27717ede799d3e4be2e94aed5598	GCfix	4	2048	2053	128	0.0033242275190531996	0.0024523461364891986	0.0009102012037947096	0.000871881382564001	0.00241402631525849	0.1875	0.0	0.8125	6.808646459531492e-06	0.00010442055510288447	0	0	1.7543453010082644e-05	post_hoc_exploratory_algorithmic_sensitivity_not_replicates
31	95f9674d51c1a98594a5da6e0bba1a032dc10ffacc78c9780100a4abe411ec69	7b88b5cb369691ed21290e75beeb005548603e42ea77da645f919dc0a83ef21d	f6e5a84af11853ac9b0c7ab0386837d475f399b1c20244cdc5f3cc7aa2c899b7	GCall	2	2048	2053	512	0.0025683607401085946	0.0018492601163504958	0.0012524878046840594	0.0007191006237580986	0.001315872935424535	0.32421875	0.0	0.67578125	4.8438299907090435e-06	8.075800789498455e-05	0	0	2.5575267099675614e-06	post_hoc_exploratory_algorithmic_sensitivity_not_replicates
31	95f9674d51c1a98594a5da6e0bba1a032dc10ffacc78c9780100a4abe411ec69	7b88b5cb369691ed21290e75beeb005548603e42ea77da645f919dc0a83ef21d	f6e5a84af11853ac9b0c7ab0386837d475f399b1c20244cdc5f3cc7aa2c899b7	GCall	4	2048	2053	128	0.0038977703798053764	0.0028640940498075532	0.0018469610862861105	0.0010336763299978232	0.002050809293519266	0.15625	0.0	0.84375	5.942093298739104e-06	0.0001026423326270427	0	0	4.366162279945129e-06	post_hoc_exploratory_algorithmic_sensitivity_not_replicates
31	95f9674d51c1a98594a5da6e0bba1a032dc10ffacc78c9780100a4abe411ec69	7b88b5cb369691ed21290e75beeb005548603e42ea77da645f919dc0a83ef21d	f6e5a84af11853ac9b0c7ab0386837d475f399b1c20244cdc5f3cc7aa2c899b7	GCfix	2	2048	2053	512	0.0024428009174667503	0.0017593005736332085	0.001709724584534793	0.0006835003438335416	0.000733076332931957	0.337890625	0.0	0.662109375	5.423675623836322e-06	8.075800789498455e-05	0	0	3.935675590094334e-06	post_hoc_exploratory_algorithmic_sensitivity_not_replicates
31	95f9674d51c1a98594a5da6e0bba1a032dc10ffacc78c9780100a4abe411ec69	7b88b5cb369691ed21290e75beeb005548603e42ea77da645f919dc0a83ef21d	f6e5a84af11853ac9b0c7ab0386837d475f399b1c20244cdc5f3cc7aa2c899b7	GCfix	4	2048	2053	128	0.003588334891483784	0.001972144958964115	0.0019281493512144261	0.0016161899325196688	0.0016601855402693577	0.1953125	0.0	0.8046875	6.614869846796791e-06	0.0001026423326270427	0	0	5.0057165701389295e-06	post_hoc_exploratory_algorithmic_sensitivity_not_replicates
