dataset	evaluation	pool_or_direction	endpoint	model	retention_fraction	achieved_retention_fraction	selected_n	n_sequences	pool_mean_outcome	selected_mean_outcome	outcome_gain_vs_pool	standardized_gain_vs_pool	outcome_gain_ci_2p5	outcome_gain_ci_97p5	pool_adverse_event_rate	pool_adverse_events	selected_adverse_event_rate	selected_adverse_events	selected_to_pool_event_rate_ratio	event_rate_change_vs_pool	event_change_ci_2p5	event_change_ci_97p5	finite_pool_penalty_bits_per_sequence	finite_pool_penalty_bits_per_nt	rate_boundary
DT4DDS	repeated_nested_oof	Genscript_GCall	day7_vs_day0_log2fc_plus1	D0_composition	0.1	0.10006414368184734	1248	12472	0.0015615340816228357	0.03886193845272436	0.03730040437110152	0.08542591998510683	0.01603811907722944	0.058175085146136424	0.008017960230917255	100	0.005608974358974359	7	0.699551282051282	-0.002408985871942896	-0.00612185482446783	0.0018306698069575783	3.3210029938355365	0.032558852880740556	finite observed-pool retention cost; not full-language capacity
DT4DDS	repeated_nested_oof	Genscript_GCall	day7_vs_day0_log2fc_plus1	D1_structural_rules	0.1	0.10006414368184734	1248	12472	0.0015615340816228357	0.0404555055	0.038893971418377166	0.08907553004608892	0.01688243807576664	0.06159049850970614	0.008017960230917255	100	0.005608974358974359	7	0.699551282051282	-0.002408985871942896	-0.006081994004629257	0.0017890549505369107	3.3210029938355365	0.032558852880740556	finite observed-pool retention cost; not full-language capacity
DT4DDS	repeated_nested_oof	Genscript_GCall	day7_vs_day0_log2fc_plus1	D2_assay_calibrated	0.1	0.10006414368184734	1248	12472	0.0015615340816228357	0.03976371963701923	0.038202185555396395	0.0874911921609048	0.015198946024718697	0.0616993358931639	0.008017960230917255	100	0.00641025641025641	8	0.7994871794871794	-0.001607703820660845	-0.005608182618577704	0.002822134555527902	3.3210029938355365	0.032558852880740556	finite observed-pool retention cost; not full-language capacity
DT4DDS	repeated_nested_oof	Genscript_GCall	day7_vs_day0_log2fc_plus1	F0_frozen_low_proxy	0.1	0.10006414368184734	1248	12472	0.0015615340816228357	0.040363399911057696	0.03880186582943486	0.08886458850795206	0.015211684207191507	0.0613051324540901	0.008017960230917255	100	0.004807692307692308	6	0.5996153846153847	-0.003210267923224947	-0.00673541363696453	0.0007140683670666413	3.3210029938355365	0.032558852880740556	finite observed-pool retention cost; not full-language capacity
DT4DDS	repeated_nested_oof	Genscript_GCall	day7_vs_day0_log2fc_plus1	D0_composition	0.25	0.25	3118	12472	0.0015615340816228357	0.028283036624118022	0.026721502542495185	0.06119796759751888	0.014481222953721702	0.03904695021458393	0.008017960230917255	100	0.006093649775497113	19	0.7599999999999999	-0.001924310455420142	-0.00428161060757093	0.0006276828273068098	2.0	0.0196078431372549	finite observed-pool retention cost; not full-language capacity
DT4DDS	repeated_nested_oof	Genscript_GCall	day7_vs_day0_log2fc_plus1	D1_structural_rules	0.25	0.25	3118	12472	0.0015615340816228357	0.028493194672867223	0.026931660591244386	0.06167927456883377	0.01422554729485778	0.04012861296239959	0.008017960230917255	100	0.006093649775497113	19	0.7599999999999999	-0.001924310455420142	-0.004266663344623207	0.0006737225866557082	2.0	0.0196078431372549	finite observed-pool retention cost; not full-language capacity
DT4DDS	repeated_nested_oof	Genscript_GCall	day7_vs_day0_log2fc_plus1	D2_assay_calibrated	0.25	0.25	3118	12472	0.0015615340816228357	0.027922669169980752	0.026361135088357916	0.06037264889598176	0.013463483785691394	0.03934800605743805	0.008017960230917255	100	0.006093649775497113	19	0.7599999999999999	-0.001924310455420142	-0.004276087710066897	0.0006657159074699658	2.0	0.0196078431372549	finite observed-pool retention cost; not full-language capacity
DT4DDS	repeated_nested_oof	Genscript_GCall	day7_vs_day0_log2fc_plus1	F0_frozen_low_proxy	0.25	0.25	3118	12472	0.0015615340816228357	0.024671859456061578	0.02311032537443874	0.0529275979591287	0.009926172251587456	0.03635587481805454	0.008017960230917255	100	0.006735086593970494	21	0.84	-0.0012828736369467613	-0.003791312773870814	0.0015254235185422967	2.0	0.0196078431372549	finite observed-pool retention cost; not full-language capacity
DT4DDS	repeated_nested_oof	Genscript_GCall	day7_vs_day0_log2fc_plus1	D0_composition	0.5	0.5	6236	12472	0.0015615340816228357	0.018630537608883897	0.01706900352726106	0.03909167619306025	0.009156617402983108	0.024864003783665604	0.008017960230917255	100	0.007697241821680564	48	0.96	-0.00032071840923669076	-0.00182311663646491	0.001156206172163676	1.0	0.00980392156862745	finite observed-pool retention cost; not full-language capacity
DT4DDS	repeated_nested_oof	Genscript_GCall	day7_vs_day0_log2fc_plus1	D1_structural_rules	0.5	0.5	6236	12472	0.0015615340816228357	0.024242826900737653	0.022681292819114816	0.05194502146002505	0.014926585939423873	0.03029275402572192	0.008017960230917255	100	0.005933290570878769	37	0.74	-0.0020846696600384865	-0.0036970427185099	-0.0005439479206905129	1.0	0.00980392156862745	finite observed-pool retention cost; not full-language capacity
DT4DDS	repeated_nested_oof	Genscript_GCall	day7_vs_day0_log2fc_plus1	D2_assay_calibrated	0.5	0.5	6236	12472	0.0015615340816228357	0.02347284981622835	0.021911315734605512	0.05018160892011656	0.01415309834287827	0.02935132164643535	0.008017960230917255	100	0.006093649775497113	38	0.7599999999999999	-0.001924310455420142	-0.003524099262872593	-0.0004198561134387832	1.0	0.00980392156862745	finite observed-pool retention cost; not full-language capacity
DT4DDS	repeated_nested_oof	Genscript_GCall	day7_vs_day0_log2fc_plus1	F0_frozen_low_proxy	0.5	0.5	6236	12472	0.0015615340816228357	0.020413254816388712	0.018851720734765876	0.043174480658375	0.01138662010547371	0.02644526904334774	0.008017960230917255	100	0.0062540089801154585	39	0.7799999999999999	-0.0017639512508017966	-0.0033596707123155316	-0.00022819313421572172	1.0	0.00980392156862745	finite observed-pool retention cost; not full-language capacity
DT4DDS	repeated_nested_oof	Genscript_GCall	mean_log2_cpm_plus1	D0_composition	0.1	0.10006414368184734	1248	12472	5.410892951186819	5.3928414586626605	-0.018051492524158164	-0.00979481102696473	-0.11841972851528873	0.08280352074308489	0.0286241180243746	357	0.04246794871794872	53	1.4836421748186455	0.01384383069357412	0.0035050548361479227	0.024253043788133723	3.3210029938355365	0.032558852880740556	finite observed-pool retention cost; not full-language capacity
DT4DDS	repeated_nested_oof	Genscript_GCall	mean_log2_cpm_plus1	D1_structural_rules	0.1	0.10006414368184734	1248	12472	5.410892951186819	5.524907735592949	0.11401478440613033	0.061864871618988286	0.01603363783042	0.21035351015882392	0.0286241180243746	357	0.026442307692307692	33	0.9237772031889678	-0.002181810332066908	-0.010573419192421586	0.0068118495263091135	3.3210029938355365	0.032558852880740556	finite observed-pool retention cost; not full-language capacity
DT4DDS	repeated_nested_oof	Genscript_GCall	mean_log2_cpm_plus1	D2_assay_calibrated	0.1	0.10006414368184734	1248	12472	5.410892951186819	5.484448693891827	0.07355574270500842	0.03991163604778968	-0.018266546485884015	0.17284161720978744	0.0286241180243746	357	0.02564102564102564	32	0.895783954607484	-0.00298309238334896	-0.011260233305802742	0.005964660711293166	3.3210029938355365	0.032558852880740556	finite observed-pool retention cost; not full-language capacity
DT4DDS	repeated_nested_oof	Genscript_GCall	mean_log2_cpm_plus1	F0_frozen_low_proxy	0.1	0.10006414368184734	1248	12472	5.410892951186819	5.474373508475962	0.06348055728914304	0.03444480071115678	-0.028422134247187047	0.15951157226855292	0.0286241180243746	357	0.022435897435897436	28	0.7838109602815485	-0.006188220588477164	-0.013844447292203542	0.002599934161361003	3.3210029938355365	0.032558852880740556	finite observed-pool retention cost; not full-language capacity
DT4DDS	repeated_nested_oof	Genscript_GCall	mean_log2_cpm_plus1	D0_composition	0.25	0.25	3118	12472	5.410892951186819	5.389438199403464	-0.021454751783354986	-0.011641432921247977	-0.07897071054388116	0.03590170349639985	0.0286241180243746	357	0.03463758819756254	108	1.2100840336134453	0.00601347017318794	0.0007962715826822661	0.011510491655236002	2.0	0.0196078431372549	finite observed-pool retention cost; not full-language capacity
DT4DDS	repeated_nested_oof	Genscript_GCall	mean_log2_cpm_plus1	D1_structural_rules	0.25	0.25	3118	12472	5.410892951186819	5.476025437103913	0.06513248591709431	0.03534114369881621	0.010302356935551215	0.12362372472759611	0.0286241180243746	357	0.025657472738935216	80	0.896358543417367	-0.0029666452854393843	-0.0077318716230922015	0.0017626952993294465	2.0	0.0196078431372549	finite observed-pool retention cost; not full-language capacity
DT4DDS	repeated_nested_oof	Genscript_GCall	mean_log2_cpm_plus1	D2_assay_calibrated	0.25	0.25	3118	12472	5.410892951186819	5.481050231514432	0.07015728032761359	0.03806761696048798	0.016345442402106957	0.12684582463379676	0.0286241180243746	357	0.025657472738935216	80	0.896358543417367	-0.0029666452854393843	-0.007807983747539368	0.0019092864389339147	2.0	0.0196078431372549	finite observed-pool retention cost; not full-language capacity
DT4DDS	repeated_nested_oof	Genscript_GCall	mean_log2_cpm_plus1	F0_frozen_low_proxy	0.25	0.25	3118	12472	5.410892951186819	5.4859994833755605	0.07510653218874186	0.040753100536969455	0.021075032797068793	0.13221321917269763	0.0286241180243746	357	0.023412443874278384	73	0.8179271708683473	-0.005211674150096216	-0.010192890707146183	-0.00047512198363151994	2.0	0.0196078431372549	finite observed-pool retention cost; not full-language capacity
DT4DDS	repeated_nested_oof	Genscript_GCall	mean_log2_cpm_plus1	D0_composition	0.5	0.5	6236	12472	5.410892951186819	5.398997723921585	-0.011895227265233288	-0.006454397221162301	-0.045846609042463626	0.02162503746844956	0.0286241180243746	357	0.033033996151379086	206	1.1540616246498598	0.004409878127004486	0.0015876666062195498	0.007330754674926682	1.0	0.00980392156862745	finite observed-pool retention cost; not full-language capacity
DT4DDS	repeated_nested_oof	Genscript_GCall	mean_log2_cpm_plus1	D1_structural_rules	0.5	0.5	6236	12472	5.410892951186819	5.4785753879709755	0.06768243678415686	0.036724757094633596	0.035466377988013775	0.09921137528309242	0.0286241180243746	357	0.02549711353431687	159	0.8907563025210083	-0.0031270044900577297	-0.005971449735963518	-0.00018349143984217213	1.0	0.00980392156862745	finite observed-pool retention cost; not full-language capacity
DT4DDS	repeated_nested_oof	Genscript_GCall	mean_log2_cpm_plus1	D2_assay_calibrated	0.5	0.5	6236	12472	5.410892951186819	5.471452575689384	0.06055962450256569	0.03285989106289905	0.02782237245256578	0.09345762994861288	0.0286241180243746	357	0.02581783194355356	161	0.9019607843137255	-0.002806286080821039	-0.005672998455183775	0.00016474473347450694	1.0	0.00980392156862745	finite observed-pool retention cost; not full-language capacity
DT4DDS	repeated_nested_oof	Genscript_GCall	mean_log2_cpm_plus1	F0_frozen_low_proxy	0.5	0.5	6236	12472	5.410892951186819	5.475109661336434	0.06421671014961561	0.034844240156157724	0.03142047891650255	0.09521363780763586	0.0286241180243746	357	0.02421423989737011	151	0.84593837535014	-0.004409878127004489	-0.007434372397055188	-0.0014405354376390666	1.0	0.00980392156862745	finite observed-pool retention cost; not full-language capacity
DT4DDS	repeated_nested_oof	Twist_GCall	day7_vs_day0_log2fc_plus1	D0_composition	0.1	0.1	1200	12000	-0.014602149380416667	-0.00017735106083333378	0.014424798319583333	0.06129989383057566	0.00026132567761092757	0.027071784897343878	0.0009166666666666666	11	0.0	0	0.0	-0.0009166666666666666	-0.00141875	-0.0004166666666666667	3.321928094887362	0.03075859347117928	finite observed-pool retention cost; not full-language capacity
DT4DDS	repeated_nested_oof	Twist_GCall	day7_vs_day0_log2fc_plus1	D1_structural_rules	0.1	0.1	1200	12000	-0.014602149380416667	0.017366628494999994	0.03196877787541666	0.13585511881963724	0.019688988361968994	0.0449714356609331	0.0009166666666666666	11	0.0	0	0.0	-0.0009166666666666666	-0.00141875	-0.0004166666666666667	3.321928094887362	0.03075859347117928	finite observed-pool retention cost; not full-language capacity
DT4DDS	repeated_nested_oof	Twist_GCall	day7_vs_day0_log2fc_plus1	D2_assay_calibrated	0.1	0.1	1200	12000	-0.014602149380416667	0.013956863220833332	0.02855901260125	0.12136491627657406	0.016410686240914175	0.0414156676325812	0.0009166666666666666	11	0.0	0	0.0	-0.0009166666666666666	-0.00141875	-0.0004166666666666667	3.321928094887362	0.03075859347117928	finite observed-pool retention cost; not full-language capacity
DT4DDS	repeated_nested_oof	Twist_GCall	day7_vs_day0_log2fc_plus1	F0_frozen_low_proxy	0.1	0.1	1200	12000	-0.014602149380416667	0.016358665644999996	0.030960815025416664	0.13157166096315687	0.018969095960125006	0.04411217634268654	0.0009166666666666666	11	0.0	0	0.0	-0.0009166666666666666	-0.00141875	-0.0004166666666666667	3.321928094887362	0.03075859347117928	finite observed-pool retention cost; not full-language capacity
DT4DDS	repeated_nested_oof	Twist_GCall	day7_vs_day0_log2fc_plus1	D0_composition	0.25	0.25	3000	12000	-0.014602149380416667	-0.0015801503546666676	0.013021999025749999	0.055338531607517984	0.00594143176519072	0.020260388534212363	0.0009166666666666666	11	0.0003333333333333333	1	0.36363636363636365	-0.0005833333333333333	-0.00125	0.00014442988143429717	2.0	0.018518518518518517	finite observed-pool retention cost; not full-language capacity
DT4DDS	repeated_nested_oof	Twist_GCall	day7_vs_day0_log2fc_plus1	D1_structural_rules	0.25	0.25	3000	12000	-0.014602149380416667	0.006431906901333331	0.021034056281749997	0.08938672058569706	0.0136167506682281	0.028587326485034717	0.0009166666666666666	11	0.0003333333333333333	1	0.36363636363636365	-0.0005833333333333333	-0.00125	0.00017053877640709698	2.0	0.018518518518518517	finite observed-pool retention cost; not full-language capacity
DT4DDS	repeated_nested_oof	Twist_GCall	day7_vs_day0_log2fc_plus1	D2_assay_calibrated	0.25	0.25	3000	12000	-0.014602149380416667	0.006535596636999997	0.021137746017416664	0.08982736243363595	0.013780492435016464	0.02863879513313107	0.0009166666666666666	11	0.0003333333333333333	1	0.36363636363636365	-0.0005833333333333333	-0.00125	0.00017172550665661964	2.0	0.018518518518518517	finite observed-pool retention cost; not full-language capacity
DT4DDS	repeated_nested_oof	Twist_GCall	day7_vs_day0_log2fc_plus1	F0_frozen_low_proxy	0.25	0.25	3000	12000	-0.014602149380416667	0.0062720283586666665	0.020874177739083333	0.0887072977283287	0.013632054340980379	0.028357812608144864	0.0009166666666666666	11	0.0016666666666666668	5	1.8181818181818183	0.0007500000000000001	-0.00025668511210535374	0.00197133433249313	2.0	0.018518518518518517	finite observed-pool retention cost; not full-language capacity
DT4DDS	repeated_nested_oof	Twist_GCall	day7_vs_day0_log2fc_plus1	D0_composition	0.5	0.5	6000	12000	-0.014602149380416667	-0.007589800368166667	0.00701234901225	0.02979981005143673	0.0029099538439197534	0.011363014831780613	0.0009166666666666666	11	0.0006666666666666666	4	0.7272727272727273	-0.00025	-0.0007601942892181299	0.00026083654989768194	1.0	0.009259259259259259	finite observed-pool retention cost; not full-language capacity
DT4DDS	repeated_nested_oof	Twist_GCall	day7_vs_day0_log2fc_plus1	D1_structural_rules	0.5	0.5	6000	12000	-0.014602149380416667	-0.0007833902576666675	0.01381875912275	0.05872445827855029	0.009630992286634152	0.01821871049151159	0.0009166666666666666	11	0.001	6	1.090909090909091	8.333333333333337e-05	-0.00041722041110075315	0.0006381710407542737	1.0	0.009259259259259259	finite observed-pool retention cost; not full-language capacity
DT4DDS	repeated_nested_oof	Twist_GCall	day7_vs_day0_log2fc_plus1	D2_assay_calibrated	0.5	0.5	6000	12000	-0.014602149380416667	-0.0010618169293333333	0.013540332451083334	0.05754125106589928	0.009502976509325004	0.01800467594273535	0.0009166666666666666	11	0.001	6	1.090909090909091	8.333333333333337e-05	-0.00041722609806066823	0.0006413618027542076	1.0	0.009259259259259259	finite observed-pool retention cost; not full-language capacity
DT4DDS	repeated_nested_oof	Twist_GCall	day7_vs_day0_log2fc_plus1	F0_frozen_low_proxy	0.5	0.5	6000	12000	-0.014602149380416667	-0.002312269810333333	0.012289879570083335	0.05222730301982001	0.008280953646488825	0.01652668088313571	0.0009166666666666666	11	0.0015	9	1.6363636363636365	0.0005833333333333334	8.348755973658256e-05	0.0011293041378544202	1.0	0.009259259259259259	finite observed-pool retention cost; not full-language capacity
DT4DDS	repeated_nested_oof	Twist_GCall	mean_log2_cpm_plus1	D0_composition	0.1	0.1	1200	12000	6.304272344755834	6.314517351436667	0.010245006680833058	0.017461493001174246	-0.020377275996166167	0.039356335869185854	0.0023333333333333335	28	0.0008333333333333334	1	0.35714285714285715	-0.0015	-0.002916666666666667	0.0005461024821198637	3.321928094887362	0.03075859347117928	finite observed-pool retention cost; not full-language capacity
DT4DDS	repeated_nested_oof	Twist_GCall	mean_log2_cpm_plus1	D1_structural_rules	0.1	0.1	1200	12000	6.304272344755834	6.302198681458334	-0.002073663297499806	-0.0035343322151099336	-0.03382778511362709	0.0298584534843357	0.0023333333333333335	28	0.0025	3	1.0714285714285714	0.00016666666666666653	-0.002078565940206762	0.0031376633081277956	3.321928094887362	0.03075859347117928	finite observed-pool retention cost; not full-language capacity
DT4DDS	repeated_nested_oof	Twist_GCall	mean_log2_cpm_plus1	D2_assay_calibrated	0.1	0.1	1200	12000	6.304272344755834	6.304942776628333	0.0006704318724990443	0.0011426777760240845	-0.03329095112697811	0.03207884523393452	0.0023333333333333335	28	0.0025	3	1.0714285714285714	0.00016666666666666653	-0.002069333980647219	0.0031575817573959533	3.321928094887362	0.03075859347117928	finite observed-pool retention cost; not full-language capacity
DT4DDS	repeated_nested_oof	Twist_GCall	mean_log2_cpm_plus1	F0_frozen_low_proxy	0.1	0.1	1200	12000	6.304272344755834	6.336500772875834	0.03222842811999982	0.05492982968074203	0.0026086582515345348	0.061793376147664135	0.0023333333333333335	28	0.0016666666666666668	2	0.7142857142857143	-0.0006666666666666668	-0.0025833333333333333	0.0018338772577996688	3.321928094887362	0.03075859347117928	finite observed-pool retention cost; not full-language capacity
DT4DDS	repeated_nested_oof	Twist_GCall	mean_log2_cpm_plus1	D0_composition	0.25	0.25	3000	12000	6.304272344755834	6.307191970442667	0.0029196256868333492	0.004976182552625103	-0.015737144275820646	0.023145901190216266	0.0023333333333333335	28	0.0036666666666666666	11	1.5714285714285712	0.001333333333333333	-0.0003387542842333165	0.0032634710037615154	2.0	0.018518518518518517	finite observed-pool retention cost; not full-language capacity
DT4DDS	repeated_nested_oof	Twist_GCall	mean_log2_cpm_plus1	D1_structural_rules	0.25	0.25	3000	12000	6.304272344755834	6.314855047592667	0.01058270283683349	0.018037059152395684	-0.007715371231303191	0.028741299732677705	0.0023333333333333335	28	0.003	9	1.2857142857142856	0.0006666666666666665	-0.0008856137754852761	0.002356780022105787	2.0	0.018518518518518517	finite observed-pool retention cost; not full-language capacity
DT4DDS	repeated_nested_oof	Twist_GCall	mean_log2_cpm_plus1	D2_assay_calibrated	0.25	0.25	3000	12000	6.304272344755834	6.312085022083	0.007812677327166284	0.013315853734285111	-0.011165002282470748	0.02675663934204827	0.0023333333333333335	28	0.0033333333333333335	10	1.4285714285714286	0.001	-0.0006479427323701983	0.002744457269565064	2.0	0.018518518518518517	finite observed-pool retention cost; not full-language capacity
DT4DDS	repeated_nested_oof	Twist_GCall	mean_log2_cpm_plus1	F0_frozen_low_proxy	0.25	0.25	3000	12000	6.304272344755834	6.317623804921	0.013351460165166529	0.022756103094171427	-0.005016508857333335	0.032252562677252745	0.0023333333333333335	28	0.0026666666666666666	8	1.1428571428571428	0.00033333333333333305	-0.0010979201537111851	0.0019768160026209826	2.0	0.018518518518518517	finite observed-pool retention cost; not full-language capacity
DT4DDS	repeated_nested_oof	Twist_GCall	mean_log2_cpm_plus1	D0_composition	0.5	0.5	6000	12000	6.304272344755834	6.315188254265834	0.010915909510000432	0.018604973471313044	0.0005456132971147776	0.0217503996763823	0.0023333333333333335	28	0.0028333333333333335	17	1.2142857142857142	0.0005	-0.00035558764367036146	0.0013586309228581803	1.0	0.009259259259259259	finite observed-pool retention cost; not full-language capacity
DT4DDS	repeated_nested_oof	Twist_GCall	mean_log2_cpm_plus1	D1_structural_rules	0.5	0.5	6000	12000	6.304272344755834	6.315012666696	0.010740321940166275	0.0183057036692261	0.00033045275487908476	0.021472174080293692	0.0023333333333333335	28	0.0028333333333333335	17	1.2142857142857142	0.0005	-0.0004052511212768059	0.0013669069023452545	1.0	0.009259259259259259	finite observed-pool retention cost; not full-language capacity
DT4DDS	repeated_nested_oof	Twist_GCall	mean_log2_cpm_plus1	D2_assay_calibrated	0.5	0.5	6000	12000	6.304272344755834	6.315478545366832	0.011206200610998529	0.0190997428927781	0.0009169941398974757	0.021889815275144678	0.0023333333333333335	28	0.0028333333333333335	17	1.2142857142857142	0.0005	-0.00033710885767157647	0.001365595493696716	1.0	0.009259259259259259	finite observed-pool retention cost; not full-language capacity
DT4DDS	repeated_nested_oof	Twist_GCall	mean_log2_cpm_plus1	F0_frozen_low_proxy	0.5	0.5	6000	12000	6.304272344755834	6.3122215030625	0.007949158306666426	0.01354847063172391	-0.0024590151988649334	0.018896543587101994	0.0023333333333333335	28	0.0025	15	1.0714285714285714	0.00016666666666666653	-0.0006709525412095663	0.0010052095961632015	1.0	0.009259259259259259	finite observed-pool retention cost; not full-language capacity
Gimpel2025_PCR	repeated_nested_oof	GCall	relative_efficiency	F0_frozen_low_proxy	0.1	0.10001666944490749	1200	11998	1.0	0.9994087382766917	-0.0005912617233082562	-0.07571182894057493	-0.000978148555508465	-0.00023510022378049112	0.020003333888981498	240	0.021666666666666667	26	1.0831527777777779	0.0016633327776851697	-0.005545784164178395	0.010153007633119345	3.321687625674223	0.030756366904390955	finite observed-pool retention cost; not full-language capacity
Gimpel2025_PCR	repeated_nested_oof	GCall	relative_efficiency	P0_composition	0.1	0.10001666944490749	1200	11998	1.0	1.0013708754922326	0.0013708754922325816	0.17554238110662823	0.0008672565393047005	0.0018034768515310378	0.020003333888981498	240	0.021666666666666667	26	1.0831527777777779	0.0016633327776851697	-0.005663597254331399	0.009576886498774778	3.321687625674223	0.030756366904390955	finite observed-pool retention cost; not full-language capacity
Gimpel2025_PCR	repeated_nested_oof	GCall	relative_efficiency	P1_variable_structure	0.1	0.10001666944490749	1200	11998	1.0	1.0013478953717556	0.0013478953717556141	0.17259974693634747	0.0008864842608228895	0.0017913056018045873	0.020003333888981498	240	0.021666666666666667	26	1.0831527777777779	0.0016633327776851697	-0.0055782516371986135	0.009453918989427835	3.321687625674223	0.030756366904390955	finite observed-pool retention cost; not full-language capacity
Gimpel2025_PCR	repeated_nested_oof	GCall	relative_efficiency	P2_assay_context	0.1	0.10001666944490749	1200	11998	1.0	1.0021586309242527	0.0021586309242527246	0.27641548376986796	0.0017887666996175722	0.002489062328614974	0.020003333888981498	240	0.009166666666666667	11	0.4582569444444444	-0.010836667222314831	-0.016074565361478995	-0.0051052392197681725	3.321687625674223	0.030756366904390955	finite observed-pool retention cost; not full-language capacity
Gimpel2025_PCR	repeated_nested_oof	GCall	relative_efficiency	P3_assay_calibrated	0.1	0.10001666944490749	1200	11998	1.0	1.0021614077279555	0.0021614077279554778	0.2767710570780268	0.001782424924767287	0.002492981782951495	0.020003333888981498	240	0.009166666666666667	11	0.4582569444444444	-0.010836667222314831	-0.01608250387231483	-0.005108506981114474	3.321687625674223	0.030756366904390955	finite observed-pool retention cost; not full-language capacity
Gimpel2025_PCR	repeated_nested_oof	GCall	relative_efficiency	P4_full_structural_context	0.1	0.10001666944490749	1200	11998	1.0	1.0023490348468385	0.0023490348468384603	0.3007969524970596	0.001990186018475326	0.002676518677286652	0.020003333888981498	240	0.006666666666666667	8	0.3332777777777778	-0.01333666722231483	-0.01784075314333671	-0.008180026941461718	3.321687625674223	0.030756366904390955	finite observed-pool retention cost; not full-language capacity
Gimpel2025_PCR	repeated_nested_oof	GCall	relative_efficiency	P5_combined_context	0.1	0.10001666944490749	1200	11998	1.0	1.0029419990117021	0.002941999011702112	0.37672678128227566	0.002684173526076744	0.0032024877249394483	0.020003333888981498	240	0.004166666666666667	5	0.2082986111111111	-0.015836667222314832	-0.019667770316238332	-0.011716022896432546	3.321687625674223	0.030756366904390955	finite observed-pool retention cost; not full-language capacity
Gimpel2025_PCR	repeated_nested_oof	GCall	relative_efficiency	P6_full_amplicon_replacement	0.1	0.10001666944490749	1200	11998	1.0	1.002760603646373	0.0027606036463729833	0.353498869971582	0.0025075118058916685	0.0030120985994901844	0.020003333888981498	240	0.0033333333333333335	4	0.1666388888888889	-0.016670000555648164	-0.020337348180715305	-0.012713756509151863	3.321687625674223	0.030756366904390955	finite observed-pool retention cost; not full-language capacity
Gimpel2025_PCR	repeated_nested_oof	GCall	relative_efficiency	F0_frozen_low_proxy	0.25	0.2500416736122687	3000	11998	1.0	0.9994356216624138	-0.0005643783375861577	-0.07226937660365297	-0.0008048412340159294	-0.0003455682818548114	0.020003333888981498	240	0.022	66	1.0998166666666667	0.001996666111018501	-0.0021196610912747643	0.006349721522370114	1.9997595307868608	0.018516291951730192	finite observed-pool retention cost; not full-language capacity
Gimpel2025_PCR	repeated_nested_oof	GCall	relative_efficiency	P0_composition	0.25	0.2500416736122687	3000	11998	1.0	1.0009071075193374	0.0009071075193374245	0.11615629192180678	0.0006643549014247907	0.0011495370577106281	0.020003333888981498	240	0.021333333333333333	64	1.0664888888888888	0.001329999444351835	-0.0029285530998371116	0.005712859440490462	1.9997595307868608	0.018516291951730192	finite observed-pool retention cost; not full-language capacity
Gimpel2025_PCR	repeated_nested_oof	GCall	relative_efficiency	P1_variable_structure	0.25	0.2500416736122687	3000	11998	1.0	1.0011321071584505	0.0011321071584504683	0.14496778692760903	0.0009004615936395649	0.0013603829382434565	0.020003333888981498	240	0.019333333333333334	58	0.9665055555555556	-0.0006700005556481634	-0.00474222723912858	0.003490546662862682	1.9997595307868608	0.018516291951730192	finite observed-pool retention cost; not full-language capacity
Gimpel2025_PCR	repeated_nested_oof	GCall	relative_efficiency	P2_assay_context	0.25	0.2500416736122687	3000	11998	1.0	1.0017770882442647	0.0017770882442647018	0.2275584497661274	0.0015709717407856316	0.0019845122123658605	0.020003333888981498	240	0.007333333333333333	22	0.3666055555555555	-0.012670000555648164	-0.016050204021847758	-0.009275285281073575	1.9997595307868608	0.018516291951730192	finite observed-pool retention cost; not full-language capacity
Gimpel2025_PCR	repeated_nested_oof	GCall	relative_efficiency	P3_assay_calibrated	0.25	0.2500416736122687	3000	11998	1.0	1.0017729372553783	0.001772937255378304	0.2270269102665929	0.0015700807625879166	0.0019829456217259982	0.020003333888981498	240	0.007333333333333333	22	0.3666055555555555	-0.012670000555648164	-0.016036430828598968	-0.009269173508675918	1.9997595307868608	0.018516291951730192	finite observed-pool retention cost; not full-language capacity
Gimpel2025_PCR	repeated_nested_oof	GCall	relative_efficiency	P4_full_structural_context	0.25	0.2500416736122687	3000	11998	1.0	1.002020991291029	0.0020209912910289507	0.2587905505883759	0.001812802889036308	0.0022279638541745084	0.020003333888981498	240	0.007	21	0.34994166666666665	-0.013003333888981498	-0.016269664195300473	-0.00972652768989416	1.9997595307868608	0.018516291951730192	finite observed-pool retention cost; not full-language capacity
Gimpel2025_PCR	repeated_nested_oof	GCall	relative_efficiency	P5_combined_context	0.25	0.2500416736122687	3000	11998	1.0	1.0025380732461673	0.002538073246167283	0.3250035642038047	0.002357467764315879	0.0027225871509671236	0.020003333888981498	240	0.0023333333333333335	7	0.11664722222222222	-0.017670000555648165	-0.020458838023355717	-0.014936978246586694	1.9997595307868608	0.018516291951730192	finite observed-pool retention cost; not full-language capacity
Gimpel2025_PCR	repeated_nested_oof	GCall	relative_efficiency	P6_full_amplicon_replacement	0.25	0.2500416736122687	3000	11998	1.0	1.0022656638693377	0.0022656638693376863	0.29012119092090183	0.002084720196450912	0.00245507851589441	0.020003333888981498	240	0.0036666666666666666	11	0.18330277777777776	-0.016336667222314832	-0.01926109528069586	-0.013512608451935554	1.9997595307868608	0.018516291951730192	finite observed-pool retention cost; not full-language capacity
Gimpel2025_PCR	repeated_nested_oof	GCall	relative_efficiency	F0_frozen_low_proxy	0.5	0.5	5999	11998	1.0	0.999648109565984	-0.00035189043401595566	-0.045060025528070036	-0.0004879210216527291	-0.00021858242720990711	0.020003333888981498	240	0.021836972828804802	131	1.0916666666666668	0.0018336389398233045	-0.0005759499067179767	0.004323952443575042	1.0	0.009259259259259259	finite observed-pool retention cost; not full-language capacity
Gimpel2025_PCR	repeated_nested_oof	GCall	relative_efficiency	P0_composition	0.5	0.5	5999	11998	1.0	1.00066809381884	0.000668093818839921	0.08555027821730336	0.0005294529315961749	0.0008068636068376515	0.020003333888981498	240	0.01833638939823304	110	0.9166666666666666	-0.0016669444907484593	-0.004252769733128991	0.0008618448313304295	1.0	0.009259259259259259	finite observed-pool retention cost; not full-language capacity
Gimpel2025_PCR	repeated_nested_oof	GCall	relative_efficiency	P1_variable_structure	0.5	0.5	5999	11998	1.0	1.0006757050013382	0.0006757050013381782	0.08652489998737035	0.0005365454866073371	0.0008256439892103866	0.020003333888981498	240	0.020170028338056343	121	1.0083333333333333	0.00016669444907484524	-0.002427078754292676	0.0026241206089464043	1.0	0.009259259259259259	finite observed-pool retention cost; not full-language capacity
Gimpel2025_PCR	repeated_nested_oof	GCall	relative_efficiency	P2_assay_context	0.5	0.5	5999	11998	1.0	1.0013377752452148	0.001337775245214834	0.1713038516343053	0.001197097756659507	0.0014830170960571651	0.020003333888981498	240	0.008668111351891982	52	0.4333333333333333	-0.011335222537089516	-0.013994162888446675	-0.008863945974273243	1.0	0.009259259259259259	finite observed-pool retention cost; not full-language capacity
Gimpel2025_PCR	repeated_nested_oof	GCall	relative_efficiency	P3_assay_calibrated	0.5	0.5	5999	11998	1.0	1.0013415745486012	0.0013415745486011765	0.17179035735037065	0.001200782784311405	0.0014871480259757318	0.020003333888981498	240	0.008668111351891982	52	0.4333333333333333	-0.011335222537089516	-0.013994709364325621	-0.008873596468019449	1.0	0.009259259259259259	finite observed-pool retention cost; not full-language capacity
Gimpel2025_PCR	repeated_nested_oof	GCall	relative_efficiency	P4_full_structural_context	0.5	0.5	5999	11998	1.0	1.0015684541385057	0.0015684541385057038	0.20084258248824557	0.0014314418660441807	0.0017135417687742737	0.020003333888981498	240	0.007167861310218369	43	0.3583333333333333	-0.012835472578763128	-0.015411022783391484	-0.01034166435255883	1.0	0.009259259259259259	finite observed-pool retention cost; not full-language capacity
Gimpel2025_PCR	repeated_nested_oof	GCall	relative_efficiency	P5_combined_context	0.5	0.5	5999	11998	1.0	1.0017871767531932	0.001787176753193176	0.22885029639199106	0.0016536236288937967	0.0019279731814538707	0.020003333888981498	240	0.005500916819469912	33	0.275	-0.014502417069511586	-0.01708027524843957	-0.012184719756485732	1.0	0.009259259259259259	finite observed-pool retention cost; not full-language capacity
Gimpel2025_PCR	repeated_nested_oof	GCall	relative_efficiency	P6_full_amplicon_replacement	0.5	0.5	5999	11998	1.0	1.0016291399963573	0.0016291399963572761	0.20861348513193803	0.0014969534610056513	0.001775528397712933	0.020003333888981498	240	0.006334389064844141	38	0.31666666666666665	-0.013668944824137358	-0.01618580852937601	-0.011271175912088564	1.0	0.009259259259259259	finite observed-pool retention cost; not full-language capacity
Gimpel2025_PCR	repeated_nested_oof	GCfix	relative_efficiency	F0_frozen_low_proxy	0.1	0.10005002501250625	1200	11994	1.0	0.9990424455028241	-0.0009575544971759387	-0.12002349304905179	-0.001422534452653859	-0.000521157555451754	0.02001000500250125	240	0.028333333333333332	34	1.4159583333333332	0.008323328330832082	-7.941221178104864e-05	0.017343368856892295	3.321206566969903	0.030751912657128733	finite observed-pool retention cost; not full-language capacity
Gimpel2025_PCR	repeated_nested_oof	GCfix	relative_efficiency	P0_composition	0.1	0.10005002501250625	1200	11994	1.0	1.0007556977360983	0.000755697736098293	0.09472200511122698	0.0004763495731553963	0.0010220640659744068	0.02001000500250125	240	0.005833333333333334	7	0.29152083333333334	-0.014176671669167917	-0.018584660839652142	-0.009333278032350078	3.321206566969903	0.030751912657128733	finite observed-pool retention cost; not full-language capacity
Gimpel2025_PCR	repeated_nested_oof	GCfix	relative_efficiency	P1_variable_structure	0.1	0.10005002501250625	1200	11994	1.0	1.0012876716187973	0.0012876716187972814	0.1614016184394568	0.0009307309134132524	0.0016204876673999028	0.02001000500250125	240	0.009166666666666667	11	0.4581041666666667	-0.010843338335834583	-0.015499439951874503	-0.004996515235717117	3.321206566969903	0.030751912657128733	finite observed-pool retention cost; not full-language capacity
Gimpel2025_PCR	repeated_nested_oof	GCfix	relative_efficiency	P2_assay_context	0.1	0.10005002501250625	1200	11994	1.0	1.0016822101566105	0.0016822101566105196	0.2108545671650577	0.0014085204899412756	0.0019423039862172808	0.02001000500250125	240	0.005	6	0.249875	-0.015010005002501249	-0.019031437829524447	-0.01058477395171244	3.321206566969903	0.030751912657128733	finite observed-pool retention cost; not full-language capacity
Gimpel2025_PCR	repeated_nested_oof	GCfix	relative_efficiency	P3_assay_calibrated	0.1	0.10005002501250625	1200	11994	1.0	1.0016849303781854	0.0016849303781854008	0.21119552999928545	0.0014048399188419409	0.00194296149934241	0.02001000500250125	240	0.005	6	0.249875	-0.015010005002501249	-0.01903648058388521	-0.010592381958386701	3.321206566969903	0.030751912657128733	finite observed-pool retention cost; not full-language capacity
Gimpel2025_PCR	repeated_nested_oof	GCfix	relative_efficiency	P4_full_structural_context	0.1	0.10005002501250625	1200	11994	1.0	1.0019859802886717	0.001985980288671696	0.24893026149000969	0.0017232939466584828	0.0022364919945022763	0.02001000500250125	240	0.004166666666666667	5	0.20822916666666666	-0.015843338335834584	-0.01949573933035442	-0.011651506751245442	3.321206566969903	0.030751912657128733	finite observed-pool retention cost; not full-language capacity
Gimpel2025_PCR	repeated_nested_oof	GCfix	relative_efficiency	P5_combined_context	0.1	0.10005002501250625	1200	11994	1.0	1.002664388544084	0.0026643885440840176	0.33396451151759776	0.002448657564032919	0.00289335699489886	0.02001000500250125	240	0.0008333333333333334	1	0.04164583333333334	-0.01917667166916792	-0.022011005502751375	-0.016190514492406025	3.321206566969903	0.030751912657128733	finite observed-pool retention cost; not full-language capacity
Gimpel2025_PCR	repeated_nested_oof	GCfix	relative_efficiency	P6_full_amplicon_replacement	0.1	0.10005002501250625	1200	11994	1.0	1.002240618612969	0.002240618612969092	0.2808475896801724	0.001988007451288659	0.0024838893132222593	0.02001000500250125	240	0.0025	3	0.1249375	-0.01751000500250125	-0.020927130231782557	-0.013817418297076995	3.321206566969903	0.030751912657128733	finite observed-pool retention cost; not full-language capacity
Gimpel2025_PCR	repeated_nested_oof	GCfix	relative_efficiency	F0_frozen_low_proxy	0.25	0.2500416875104219	2999	11994	1.0	0.9991813439367047	-0.0008186560632953421	-0.10261343935230761	-0.001106112737553519	-0.0005577839520912759	0.02001000500250125	240	0.02567522507502501	77	1.2831193731243749	0.00566522007252376	0.0010232211192456185	0.010561756794238491	1.9997594505970435	0.018516291209231886	finite observed-pool retention cost; not full-language capacity
Gimpel2025_PCR	repeated_nested_oof	GCfix	relative_efficiency	P0_composition	0.25	0.2500416875104219	2999	11994	1.0	1.0006465283310662	0.000646528331066154	0.08103830004306879	0.00043018785884426925	0.0008484461313007479	0.02001000500250125	240	0.011003667889296432	33	0.5499083027675892	-0.009006337113204818	-0.01247011419639391	-0.005374027513613825	1.9997594505970435	0.018516291209231886	finite observed-pool retention cost; not full-language capacity
Gimpel2025_PCR	repeated_nested_oof	GCfix	relative_efficiency	P1_variable_structure	0.25	0.2500416875104219	2999	11994	1.0	1.0009941958267878	0.000994195826787836	0.1246162555319724	0.0007915974939990522	0.0012095979313355152	0.02001000500250125	240	0.0106702234078026	32	0.533244414804935	-0.00933978159469865	-0.012800119708720092	-0.005643967131350767	1.9997594505970435	0.018516291209231886	finite observed-pool retention cost; not full-language capacity
Gimpel2025_PCR	repeated_nested_oof	GCfix	relative_efficiency	P2_assay_context	0.25	0.2500416875104219	2999	11994	1.0	1.0015481408893538	0.001548140889353844	0.1940498194309802	0.0013637137357883078	0.0017285933411414988	0.02001000500250125	240	0.005001667222407469	15	0.24995831943981325	-0.015008337780093781	-0.018040162926258065	-0.011929233582035709	1.9997594505970435	0.018516291209231886	finite observed-pool retention cost; not full-language capacity
Gimpel2025_PCR	repeated_nested_oof	GCfix	relative_efficiency	P3_assay_calibrated	0.25	0.2500416875104219	2999	11994	1.0	1.0015656076040576	0.0015656076040575506	0.19623916334509992	0.0013774818290928303	0.001745690544217443	0.02001000500250125	240	0.005001667222407469	15	0.24995831943981325	-0.015008337780093781	-0.01804129284832202	-0.011925926019690006	1.9997594505970435	0.018516291209231886	finite observed-pool retention cost; not full-language capacity
Gimpel2025_PCR	repeated_nested_oof	GCfix	relative_efficiency	P4_full_structural_context	0.25	0.2500416875104219	2999	11994	1.0	1.001738261053765	0.0017382610537650667	0.21788019806634082	0.0015592329086943023	0.0019157202322505646	0.02001000500250125	240	0.004668222740913638	14	0.2332944314771591	-0.015341782261587611	-0.018416192884912353	-0.012256689029980885	1.9997594505970435	0.018516291209231886	finite observed-pool retention cost; not full-language capacity
Gimpel2025_PCR	repeated_nested_oof	GCfix	relative_efficiency	P5_combined_context	0.25	0.2500416875104219	2999	11994	1.0	1.002143712006791	0.0021437120067910875	0.26870095008178324	0.0019724133254383656	0.0023176682654824973	0.02001000500250125	240	0.0030010003334444814	9	0.14997499166388797	-0.01700900466905677	-0.01991186401037862	-0.0142403898466049	1.9997594505970435	0.018516291209231886	finite observed-pool retention cost; not full-language capacity
Gimpel2025_PCR	repeated_nested_oof	GCfix	relative_efficiency	P6_full_amplicon_replacement	0.25	0.2500416875104219	2999	11994	1.0	1.001849539833386	0.0018495398333859825	0.231828300103069	0.0016778781677757148	0.0020173093673395343	0.02001000500250125	240	0.003667889296432144	11	0.18330276758919642	-0.016342115706069107	-0.01933456023722821	-0.013357159577501733	1.9997594505970435	0.018516291209231886	finite observed-pool retention cost; not full-language capacity
Gimpel2025_PCR	repeated_nested_oof	GCfix	relative_efficiency	F0_frozen_low_proxy	0.5	0.5	5997	11994	1.0	0.9995429400641892	-0.0004570599358107996	-0.05728961661250295	-0.0006035590945725089	-0.0003117788395342575	0.02001000500250125	240	0.022344505586126398	134	1.1166666666666667	0.002334500583625148	-0.00018472569950870503	0.004756737952865456	1.0	0.009259259259259259	finite observed-pool retention cost; not full-language capacity
Gimpel2025_PCR	repeated_nested_oof	GCfix	relative_efficiency	P0_composition	0.5	0.5	5997	11994	1.0	1.0003501751775745	0.00035017517757451877	0.04389227779256451	0.00020291242747842996	0.0004922569561909617	0.02001000500250125	240	0.01534100383525096	92	0.7666666666666667	-0.004669001167250291	-0.0070791757771556	-0.002112318414109018	1.0	0.009259259259259259	finite observed-pool retention cost; not full-language capacity
Gimpel2025_PCR	repeated_nested_oof	GCfix	relative_efficiency	P1_variable_structure	0.5	0.5	5997	11994	1.0	1.0006550448389835	0.0006550448389834873	0.08210579127394171	0.0005103879560925895	0.0007987946816769592	0.02001000500250125	240	0.013673503418375855	82	0.6833333333333333	-0.006336501584125395	-0.008710455941233245	-0.0038070521282268037	1.0	0.009259259259259259	finite observed-pool retention cost; not full-language capacity
Gimpel2025_PCR	repeated_nested_oof	GCfix	relative_efficiency	P2_assay_context	0.5	0.5	5997	11994	1.0	1.001309073261127	0.0013090732611269473	0.16408418102672329	0.0011743266873932123	0.0014546764393902093	0.02001000500250125	240	0.006169751542437886	37	0.30833333333333335	-0.013840253460063364	-0.01643752516927751	-0.011324429270843095	1.0	0.009259259259259259	finite observed-pool retention cost; not full-language capacity
Gimpel2025_PCR	repeated_nested_oof	GCfix	relative_efficiency	P3_assay_calibrated	0.5	0.5	5997	11994	1.0	1.0013090577750832	0.0013090577750831667	0.16408223994757476	0.0011726312468302747	0.001456340492552366	0.02001000500250125	240	0.006336501584125396	38	0.31666666666666665	-0.013673503418375855	-0.01625054388630041	-0.01114668318136748	1.0	0.009259259259259259	finite observed-pool retention cost; not full-language capacity
Gimpel2025_PCR	repeated_nested_oof	GCfix	relative_efficiency	P4_full_structural_context	0.5	0.5	5997	11994	1.0	1.001495229362081	0.0014952293620809076	0.18741768899392672	0.0013583555482404642	0.0016444825775850963	0.02001000500250125	240	0.004502251125562781	27	0.225	-0.015507753876938469	-0.01802653400720103	-0.013085331292996468	1.0	0.009259259259259259	finite observed-pool retention cost; not full-language capacity
Gimpel2025_PCR	repeated_nested_oof	GCfix	relative_efficiency	P5_combined_context	0.5	0.5	5997	11994	1.0	1.001653470711255	0.0016534707112549896	0.20725225666467761	0.0015130715153954977	0.0017988027377523308	0.02001000500250125	240	0.00416875104218776	25	0.20833333333333331	-0.015841253960313488	-0.018483262607190645	-0.013359994426523854	1.0	0.009259259259259259	finite observed-pool retention cost; not full-language capacity
Gimpel2025_PCR	repeated_nested_oof	GCfix	relative_efficiency	P6_full_amplicon_replacement	0.5	0.5	5997	11994	1.0	1.0014348859503832	0.0014348859503832134	0.17985401812630034	0.001296092517803521	0.0015805885644772865	0.02001000500250125	240	0.005336001334000333	32	0.26666666666666666	-0.014674003668500916	-0.01716901990120632	-0.012113335696976604	1.0	0.009259259259259259	finite observed-pool retention cost; not full-language capacity
Gimpel2025_PCR	source_only_transfer	GCall_to_GCfix	relative_efficiency	F0_frozen_low_proxy	0.1	0.10005002501250625	1200	11994	1.0	0.9990424455028241	-0.0009575544971759387	-0.12002349304905179	-0.0014113032005493742	-0.0005146319379225663	0.02001000500250125	240	0.028333333333333332	34	1.4159583333333332	0.008323328330832082	-0.00046640483467424147	0.017204239741719234	3.321206566969903	0.030751912657128733	finite observed-pool retention cost; not full-language capacity
Gimpel2025_PCR	source_only_transfer	GCall_to_GCfix	relative_efficiency	P0_composition	0.1	0.10005002501250625	1200	11994	1.0	1.0008163050588506	0.0008163050588505527	0.10231875558603669	0.0005297524290866273	0.001095416242476707	0.02001000500250125	240	0.005833333333333334	7	0.29152083333333334	-0.014176671669167917	-0.018657862281981324	-0.009152408578192604	3.321206566969903	0.030751912657128733	finite observed-pool retention cost; not full-language capacity
Gimpel2025_PCR	source_only_transfer	GCall_to_GCfix	relative_efficiency	P1_variable_structure	0.1	0.10005002501250625	1200	11994	1.0	1.001279797750508	0.001279797750507905	0.1604146780839091	0.0009283616119654004	0.001625351122774543	0.02001000500250125	240	0.008333333333333333	10	0.4164583333333333	-0.011676671669167917	-0.016676773484275126	-0.006433960336456823	3.321206566969903	0.030751912657128733	finite observed-pool retention cost; not full-language capacity
Gimpel2025_PCR	source_only_transfer	GCall_to_GCfix	relative_efficiency	P2_assay_context	0.1	0.10005002501250625	1200	11994	1.0	1.0016806404180996	0.001680640418099566	0.2106578102182584	0.0014196447839203597	0.00194134421645816	0.02001000500250125	240	0.0033333333333333335	4	0.16658333333333336	-0.016676671669167916	-0.020343806523913835	-0.01261200375646448	3.321206566969903	0.030751912657128733	finite observed-pool retention cost; not full-language capacity
Gimpel2025_PCR	source_only_transfer	GCall_to_GCfix	relative_efficiency	P3_assay_calibrated	0.1	0.10005002501250625	1200	11994	1.0	1.001682492744929	0.0016824927449290428	0.21088998785096544	0.001421467927209491	0.0019422786058960167	0.02001000500250125	240	0.0033333333333333335	4	0.16658333333333336	-0.016676671669167916	-0.02034372177838094	-0.012611454244940843	3.321206566969903	0.030751912657128733	finite observed-pool retention cost; not full-language capacity
Gimpel2025_PCR	source_only_transfer	GCall_to_GCfix	relative_efficiency	P4_full_structural_context	0.1	0.10005002501250625	1200	11994	1.0	1.0020302823044696	0.002030282304469555	0.25448324327940686	0.001793517492055302	0.002264173273265563	0.02001000500250125	240	0.0033333333333333335	4	0.16658333333333336	-0.016676671669167916	-0.020252222470611165	-0.012474253403575561	3.321206566969903	0.030751912657128733	finite observed-pool retention cost; not full-language capacity
Gimpel2025_PCR	source_only_transfer	GCall_to_GCfix	relative_efficiency	P5_combined_context	0.1	0.10005002501250625	1200	11994	1.0	1.0026840210581887	0.002684021058188657	0.33642532489910565	0.002479322157362762	0.0028997674471872036	0.02001000500250125	240	0.0016666666666666668	2	0.08329166666666668	-0.018343338335834583	-0.021344005336001334	-0.014790506086326188	3.321206566969903	0.030751912657128733	finite observed-pool retention cost; not full-language capacity
Gimpel2025_PCR	source_only_transfer	GCall_to_GCfix	relative_efficiency	P6_full_amplicon_replacement	0.1	0.10005002501250625	1200	11994	1.0	1.002257758018184	0.002257758018183953	0.28299590738818564	0.002037401582178522	0.0024901535130667255	0.02001000500250125	240	0.0016666666666666668	2	0.08329166666666668	-0.018343338335834583	-0.021260892804866947	-0.014936258591832268	3.321206566969903	0.030751912657128733	finite observed-pool retention cost; not full-language capacity
Gimpel2025_PCR	source_only_transfer	GCall_to_GCfix	relative_efficiency	F0_frozen_low_proxy	0.25	0.2500416875104219	2999	11994	1.0	0.9991813439367047	-0.0008186560632953421	-0.10261343935230761	-0.0011023401778100378	-0.0005544897198022314	0.02001000500250125	240	0.02567522507502501	77	1.2831193731243749	0.00566522007252376	0.0011200212974870668	0.010363948423528866	1.9997594505970435	0.018516291209231886	finite observed-pool retention cost; not full-language capacity
Gimpel2025_PCR	source_only_transfer	GCall_to_GCfix	relative_efficiency	P0_composition	0.25	0.2500416875104219	2999	11994	1.0	1.0006695499398135	0.0006695499398134963	0.08392391533244792	0.0004619935989992052	0.0008780454294161133	0.02001000500250125	240	0.010336778926308769	31	0.5165805268422807	-0.009673226076192481	-0.01328221990168252	-0.005946846738047308	1.9997594505970435	0.018516291209231886	finite observed-pool retention cost; not full-language capacity
Gimpel2025_PCR	source_only_transfer	GCall_to_GCfix	relative_efficiency	P1_variable_structure	0.25	0.2500416875104219	2999	11994	1.0	1.001065247355334	0.0010652473553340869	0.1335221221617529	0.0008648569634499642	0.0012669149465160344	0.02001000500250125	240	0.009336445481827277	28	0.4665888629543182	-0.010673559520673974	-0.01419958983235708	-0.007078320881053328	1.9997594505970435	0.018516291209231886	finite observed-pool retention cost; not full-language capacity
Gimpel2025_PCR	source_only_transfer	GCall_to_GCfix	relative_efficiency	P2_assay_context	0.25	0.2500416875104219	2999	11994	1.0	1.0015496484690258	0.0015496484690258328	0.1942387851544095	0.0013765965061336926	0.0017256459362277792	0.02001000500250125	240	0.004668222740913638	14	0.2332944314771591	-0.015341782261587611	-0.018276262051942254	-0.012151510018467239	1.9997594505970435	0.018516291209231886	finite observed-pool retention cost; not full-language capacity
Gimpel2025_PCR	source_only_transfer	GCall_to_GCfix	relative_efficiency	P3_assay_calibrated	0.25	0.2500416875104219	2999	11994	1.0	1.001561593099518	0.0015615930995180882	0.19573597020141087	0.0013895292002905125	0.0017365596057282021	0.02001000500250125	240	0.004668222740913638	14	0.2332944314771591	-0.015341782261587611	-0.018284061533396435	-0.012153043880217292	1.9997594505970435	0.018516291209231886	finite observed-pool retention cost; not full-language capacity
Gimpel2025_PCR	source_only_transfer	GCall_to_GCfix	relative_efficiency	P4_full_structural_context	0.25	0.2500416875104219	2999	11994	1.0	1.0017138524604354	0.0017138524604354277	0.21482073289701922	0.0015439229635667352	0.0018928573265916653	0.02001000500250125	240	0.004334778259419807	13	0.21663054351450486	-0.015675226743081444	-0.018632609047027845	-0.012599532498392886	1.9997594505970435	0.018516291209231886	finite observed-pool retention cost; not full-language capacity
Gimpel2025_PCR	source_only_transfer	GCall_to_GCfix	relative_efficiency	P5_combined_context	0.25	0.2500416875104219	2999	11994	1.0	1.002137181686372	0.002137181686372003	0.2678824150848304	0.0019786181544871996	0.002308892471804919	0.02001000500250125	240	0.002334111370456819	7	0.11664721573857954	-0.017675893632044432	-0.020498509275940206	-0.014849010200009291	1.9997594505970435	0.018516291209231886	finite observed-pool retention cost; not full-language capacity
Gimpel2025_PCR	source_only_transfer	GCall_to_GCfix	relative_efficiency	P6_full_amplicon_replacement	0.25	0.2500416875104219	2999	11994	1.0	1.0018642511477625	0.0018642511477624524	0.23367227174542896	0.0016949557922535997	0.0020379058639663186	0.02001000500250125	240	0.0030010003334444814	9	0.14997499166388797	-0.01700900466905677	-0.01984090178251807	-0.014020028943753277	1.9997594505970435	0.018516291209231886	finite observed-pool retention cost; not full-language capacity
Gimpel2025_PCR	source_only_transfer	GCall_to_GCfix	relative_efficiency	F0_frozen_low_proxy	0.5	0.5	5997	11994	1.0	0.9995429400641892	-0.0004570599358107996	-0.05728961661250295	-0.0005980873436156803	-0.00030451527498981965	0.02001000500250125	240	0.022344505586126398	134	1.1166666666666667	0.002334500583625148	-0.00025993117075182476	0.004849510944914996	1.0	0.009259259259259259	finite observed-pool retention cost; not full-language capacity
Gimpel2025_PCR	source_only_transfer	GCall_to_GCfix	relative_efficiency	P0_composition	0.5	0.5	5997	11994	1.0	1.0003760405577944	0.00037604055779438816	0.04713434212643414	0.00023109420404407444	0.0005205119839362198	0.02001000500250125	240	0.015007503751875938	90	0.75	-0.005002501250625312	-0.007468500041573984	-0.0024088482101266564	1.0	0.009259259259259259	finite observed-pool retention cost; not full-language capacity
Gimpel2025_PCR	source_only_transfer	GCall_to_GCfix	relative_efficiency	P1_variable_structure	0.5	0.5	5997	11994	1.0	1.0006541407461618	0.0006541407461617688	0.0819924688689786	0.0005134822113805005	0.0007991539865039725	0.02001000500250125	240	0.013173253293313323	79	0.6583333333333333	-0.006836751709187927	-0.009425590567418464	-0.004282037581624645	1.0	0.009259259259259259	finite observed-pool retention cost; not full-language capacity
Gimpel2025_PCR	source_only_transfer	GCall_to_GCfix	relative_efficiency	P2_assay_context	0.5	0.5	5997	11994	1.0	1.0012983373231104	0.0012983373231103545	0.1627384980544122	0.001158609543615552	0.0014364534881225908	0.02001000500250125	240	0.006003001500750375	36	0.3	-0.014007003501750874	-0.01653045100241065	-0.01169172918283952	1.0	0.009259259259259259	finite observed-pool retention cost; not full-language capacity
Gimpel2025_PCR	source_only_transfer	GCall_to_GCfix	relative_efficiency	P3_assay_calibrated	0.5	0.5	5997	11994	1.0	1.0012903131032311	0.0012903131032311332	0.16173271206339218	0.0011550643525462922	0.0014289904495710742	0.02001000500250125	240	0.006169751542437886	37	0.30833333333333335	-0.013840253460063364	-0.01631252082042276	-0.011482660873016063	1.0	0.009259259259259259	finite observed-pool retention cost; not full-language capacity
Gimpel2025_PCR	source_only_transfer	GCall_to_GCfix	relative_efficiency	P4_full_structural_context	0.5	0.5	5997	11994	1.0	1.001460594751799	0.0014605947517989382	0.18307645628216515	0.00132660005385421	0.0016037975495426043	0.02001000500250125	240	0.004335501083875271	26	0.21666666666666667	-0.01567450391862598	-0.018145180602718598	-0.013284088721658819	1.0	0.009259259259259259	finite observed-pool retention cost; not full-language capacity
Gimpel2025_PCR	source_only_transfer	GCall_to_GCfix	relative_efficiency	P5_combined_context	0.5	0.5	5997	11994	1.0	1.0016392364846993	0.0016392364846993246	0.20546808500959052	0.0014972702728160646	0.0017811695373168817	0.02001000500250125	240	0.004502251125562781	27	0.225	-0.015507753876938469	-0.018062705035491015	-0.012952897948897495	1.0	0.009259259259259259	finite observed-pool retention cost; not full-language capacity
Gimpel2025_PCR	source_only_transfer	GCall_to_GCfix	relative_efficiency	P6_full_amplicon_replacement	0.5	0.5	5997	11994	1.0	1.0014346876215994	0.0014346876215993731	0.17982915884833875	0.0012934207345891569	0.0015741635570866359	0.02001000500250125	240	0.005669501417375354	34	0.2833333333333333	-0.014340503585125897	-0.01691343354635394	-0.011845874025800571	1.0	0.009259259259259259	finite observed-pool retention cost; not full-language capacity
Gimpel2025_PCR	source_only_transfer	GCfix_to_GCall	relative_efficiency	F0_frozen_low_proxy	0.1	0.10001666944490749	1200	11998	1.0	0.9994087382766917	-0.0005912617233082562	-0.07571182894057493	-0.0009443234302047687	-0.00022775374774166584	0.020003333888981498	240	0.021666666666666667	26	1.0831527777777779	0.0016633327776851697	-0.005839130571885726	0.009486765230495558	3.321687625674223	0.030756366904390955	finite observed-pool retention cost; not full-language capacity
Gimpel2025_PCR	source_only_transfer	GCfix_to_GCall	relative_efficiency	P0_composition	0.1	0.10001666944490749	1200	11998	1.0	1.0005907234517584	0.0005907234517583682	0.07564290257192607	0.00020927824798298023	0.0009544207854278423	0.020003333888981498	240	0.013333333333333334	16	0.6665555555555556	-0.0066700005556481635	-0.012797221376335594	-5.164488115845794e-05	3.321687625674223	0.030756366904390955	finite observed-pool retention cost; not full-language capacity
Gimpel2025_PCR	source_only_transfer	GCfix_to_GCall	relative_efficiency	P1_variable_structure	0.1	0.10001666944490749	1200	11998	1.0	1.0006721174958875	0.0006721174958874698	0.08606551527109335	0.000255808556241352	0.0010799351072458328	0.020003333888981498	240	0.016666666666666666	20	0.8331944444444443	-0.0033366672223148312	-0.010151679384187332	0.004431534615806615	3.321687625674223	0.030756366904390955	finite observed-pool retention cost; not full-language capacity
Gimpel2025_PCR	source_only_transfer	GCfix_to_GCall	relative_efficiency	P2_assay_context	0.1	0.10001666944490749	1200	11998	1.0	1.0014599198099816	0.0014599198099816135	0.1869446212445884	0.0011668212265606493	0.0017367286020542466	0.020003333888981498	240	0.005833333333333334	7	0.29161805555555553	-0.014170000555648165	-0.018528375288646995	-0.009031340948656848	3.321687625674223	0.030756366904390955	finite observed-pool retention cost; not full-language capacity
Gimpel2025_PCR	source_only_transfer	GCfix_to_GCall	relative_efficiency	P3_assay_calibrated	0.1	0.10001666944490749	1200	11998	1.0	1.0014610351053732	0.0014610351053732096	0.1870874362630108	0.0011685076314247034	0.0017392964138280174	0.020003333888981498	240	0.005833333333333334	7	0.29161805555555553	-0.014170000555648165	-0.018520583371803078	-0.009040860345508649	3.321687625674223	0.030756366904390955	finite observed-pool retention cost; not full-language capacity
Gimpel2025_PCR	source_only_transfer	GCfix_to_GCall	relative_efficiency	P4_full_structural_context	0.1	0.10001666944490749	1200	11998	1.0	1.0016718022939082	0.0016718022939081756	0.21407644755120767	0.0013362301344560124	0.00199563015114424	0.020003333888981498	240	0.006666666666666667	8	0.3332777777777778	-0.01333666722231483	-0.01805514677530065	-0.008355480815430026	3.321687625674223	0.030756366904390955	finite observed-pool retention cost; not full-language capacity
Gimpel2025_PCR	source_only_transfer	GCfix_to_GCall	relative_efficiency	P5_combined_context	0.1	0.10001666944490749	1200	11998	1.0	1.0024559903358496	0.002455990335849645	0.3144927412975948	0.002200232036791927	0.0027081801416539487	0.020003333888981498	240	0.0033333333333333335	4	0.1666388888888889	-0.016670000555648164	-0.02028368043813482	-0.01224799608629459	3.321687625674223	0.030756366904390955	finite observed-pool retention cost; not full-language capacity
Gimpel2025_PCR	source_only_transfer	GCfix_to_GCall	relative_efficiency	P6_full_amplicon_replacement	0.1	0.10001666944490749	1200	11998	1.0	1.0022063637108527	0.002206363710852699	0.28252772887461336	0.0019520584046041566	0.002472778773543885	0.020003333888981498	240	0.004166666666666667	5	0.2082986111111111	-0.015836667222314832	-0.019659114591546036	-0.011489394617184194	3.321687625674223	0.030756366904390955	finite observed-pool retention cost; not full-language capacity
Gimpel2025_PCR	source_only_transfer	GCfix_to_GCall	relative_efficiency	F0_frozen_low_proxy	0.25	0.2500416736122687	3000	11998	1.0	0.9994356216624138	-0.0005643783375861577	-0.07226937660365297	-0.0007965178422988106	-0.0003191267324199804	0.020003333888981498	240	0.022	66	1.0998166666666667	0.001996666111018501	-0.0025600115024981577	0.006483489155987422	1.9997595307868608	0.018516291951730192	finite observed-pool retention cost; not full-language capacity
Gimpel2025_PCR	source_only_transfer	GCfix_to_GCall	relative_efficiency	P0_composition	0.25	0.2500416736122687	3000	11998	1.0	1.0004450297275411	0.00044502972754112413	0.05698663261429791	0.00021169831002553486	0.0006782508510099233	0.020003333888981498	240	0.014	42	0.6998833333333333	-0.006003333888981497	-0.009936791716078095	-0.002265881200053441	1.9997595307868608	0.018516291951730192	finite observed-pool retention cost; not full-language capacity
Gimpel2025_PCR	source_only_transfer	GCfix_to_GCall	relative_efficiency	P1_variable_structure	0.25	0.2500416736122687	3000	11998	1.0	1.0006424204724438	0.0006424204724437832	0.08226277298222641	0.0003878476215063376	0.000883622042523649	0.020003333888981498	240	0.015	45	0.749875	-0.005003333888981498	-0.00905848934485159	-0.0009233188308609184	1.9997595307868608	0.018516291951730192	finite observed-pool retention cost; not full-language capacity
Gimpel2025_PCR	source_only_transfer	GCfix_to_GCall	relative_efficiency	P2_assay_context	0.25	0.2500416736122687	3000	11998	1.0	1.0014671408740972	0.0014671408740971614	0.18786928785081863	0.0012651364184831481	0.0016567462101688025	0.020003333888981498	240	0.006333333333333333	19	0.31661388888888886	-0.013670000555648164	-0.01675247924249439	-0.01020075008477037	1.9997595307868608	0.018516291951730192	finite observed-pool retention cost; not full-language capacity
Gimpel2025_PCR	source_only_transfer	GCfix_to_GCall	relative_efficiency	P3_assay_calibrated	0.25	0.2500416736122687	3000	11998	1.0	1.0014451035728176	0.0014451035728175743	0.18504738289905476	0.0012448261386417247	0.001635621366490794	0.020003333888981498	240	0.006666666666666667	20	0.3332777777777778	-0.01333666722231483	-0.01649908466060006	-0.009913432172506561	1.9997595307868608	0.018516291951730192	finite observed-pool retention cost; not full-language capacity
Gimpel2025_PCR	source_only_transfer	GCfix_to_GCall	relative_efficiency	P4_full_structural_context	0.25	0.2500416736122687	3000	11998	1.0	1.0017389454173882	0.0017389454173881713	0.22267421141626853	0.0015495394934858602	0.0019359730724791717	0.020003333888981498	240	0.005666666666666667	17	0.2832861111111111	-0.01433666722231483	-0.017455039836664844	-0.011145105806333811	1.9997595307868608	0.018516291951730192	finite observed-pool retention cost; not full-language capacity
Gimpel2025_PCR	source_only_transfer	GCfix_to_GCall	relative_efficiency	P5_combined_context	0.25	0.2500416736122687	3000	11998	1.0	1.0021381445116428	0.0021381445116428477	0.27379217211957807	0.001967414819142277	0.002323955160884733	0.020003333888981498	240	0.0016666666666666668	5	0.08331944444444445	-0.01833666722231483	-0.02101391124224262	-0.015426507753591183	1.9997595307868608	0.018516291951730192	finite observed-pool retention cost; not full-language capacity
Gimpel2025_PCR	source_only_transfer	GCfix_to_GCall	relative_efficiency	P6_full_amplicon_replacement	0.25	0.2500416736122687	3000	11998	1.0	1.0018338942250273	0.0018338942250273327	0.23483252912685007	0.0016645615994079822	0.0020262121299580325	0.020003333888981498	240	0.0036666666666666666	11	0.18330277777777776	-0.016336667222314832	-0.0192008204339953	-0.013296481043228905	1.9997595307868608	0.018516291951730192	finite observed-pool retention cost; not full-language capacity
Gimpel2025_PCR	source_only_transfer	GCfix_to_GCall	relative_efficiency	F0_frozen_low_proxy	0.5	0.5	5999	11998	1.0	0.999648109565984	-0.00035189043401595566	-0.045060025528070036	-0.00048533804889101806	-0.00021385205680325153	0.020003333888981498	240	0.021836972828804802	131	1.0916666666666668	0.0018336389398233045	-0.0007894803411354278	0.004242784239413012	1.0	0.009259259259259259	finite observed-pool retention cost; not full-language capacity
Gimpel2025_PCR	source_only_transfer	GCfix_to_GCall	relative_efficiency	P0_composition	0.5	0.5	5999	11998	1.0	1.0003031663466246	0.00030316634662463926	0.038820843073951145	0.00016957673351526703	0.00044164167847281775	0.020003333888981498	240	0.016836139356559428	101	0.8416666666666667	-0.00316719453242207	-0.005650573020704845	-0.0006688202744125231	1.0	0.009259259259259259	finite observed-pool retention cost; not full-language capacity
Gimpel2025_PCR	source_only_transfer	GCfix_to_GCall	relative_efficiency	P1_variable_structure	0.5	0.5	5999	11998	1.0	1.000498697569561	0.0004986975695608908	0.06385886924729904	0.00036174022139186246	0.0006352344804288728	0.020003333888981498	240	0.015669278213035504	94	0.7833333333333332	-0.0043340556759459935	-0.0068049928366599195	-0.0018580836743413466	1.0	0.009259259259259259	finite observed-pool retention cost; not full-language capacity
Gimpel2025_PCR	source_only_transfer	GCfix_to_GCall	relative_efficiency	P2_assay_context	0.5	0.5	5999	11998	1.0	1.001189939899471	0.0011899398994710264	0.15237334426829666	0.0010511626074866998	0.0013335347512448829	0.020003333888981498	240	0.007667944657442907	46	0.3833333333333333	-0.01233538923153859	-0.01483363340126185	-0.009963938760871174	1.0	0.009259259259259259	finite observed-pool retention cost; not full-language capacity
Gimpel2025_PCR	source_only_transfer	GCfix_to_GCall	relative_efficiency	P3_assay_calibrated	0.5	0.5	5999	11998	1.0	1.0011872797491392	0.0011872797491392362	0.15203270857527426	0.0010501439294057836	0.0013300491120429578	0.020003333888981498	240	0.007834639106517752	47	0.3916666666666666	-0.012168694782463746	-0.014650661055847804	-0.009800034778101718	1.0	0.009259259259259259	finite observed-pool retention cost; not full-language capacity
Gimpel2025_PCR	source_only_transfer	GCfix_to_GCall	relative_efficiency	P4_full_structural_context	0.5	0.5	5999	11998	1.0	1.00138946605871	0.0013894660587099317	0.17792292720585154	0.0012495194185574154	0.0015247394846694266	0.020003333888981498	240	0.006834472412068678	41	0.3416666666666667	-0.013168861476912819	-0.01570434384903094	-0.010789234009468145	1.0	0.009259259259259259	finite observed-pool retention cost; not full-language capacity
Gimpel2025_PCR	source_only_transfer	GCfix_to_GCall	relative_efficiency	P5_combined_context	0.5	0.5	5999	11998	1.0	1.0016068194455976	0.001606819445597596	0.205755309717638	0.0014669777720161426	0.001745117609595112	0.020003333888981498	240	0.005000833472245374	30	0.25	-0.015002500416736123	-0.01757828310843967	-0.012529389152162805	1.0	0.009259259259259259	finite observed-pool retention cost; not full-language capacity
Gimpel2025_PCR	source_only_transfer	GCfix_to_GCall	relative_efficiency	P6_full_amplicon_replacement	0.5	0.5	5999	11998	1.0	1.001456751449545	0.0014567514495449352	0.186538908589858	0.0013193295059709064	0.0016005303029901108	0.020003333888981498	240	0.005500916819469912	33	0.275	-0.014502417069511586	-0.017116412700750493	-0.011954308652856719	1.0	0.009259259259259259	finite observed-pool retention cost; not full-language capacity
